VILL_ID,VILL_NAME,GP_NAME,GP_CODE
289980,1 No. Bacha Gaon,NA-SADIYA,9
289935,1 No. Bishnupur Pohukhowa,RAJGARH,5
289972,1 No. Boiragi Math,NA-SADIYA,9
289947,1 No. Borgorah Assamiya,BURABURI,3
289962,1 No. Chapakhowa,NA-GAON,8
289943,1 No. Rampur Megela,RAJGARH,5
289957,1 No. Santipur,SANTIPUR,6
290935,112/109 Makum Assam T.C.No.3,KUMARPATTY,79
289936,2 No. Bishnupur Bargohain,RAJGARH,5
289934,2 No. Bishnupur Pohukhowa,RAJGARH,5
289973,2 No. Boiragimath,NA-SADIYA,9
289946,2 No. Borgorah Assamiya,BURABURI,3
289968,2 No. Chapakhowa,NA-GAON,8
289978,2 No. Gohain Gaon,NA-GAON,8
289942,2 No. Rampur Megela,RAJGARH,5
289956,2 No. Santipur,SANTIPUR,6
289945,3 No. Borgorah Assamiya,BURABURI,3
289955,3 No. Santipur,SANTIPUR,6
289954,4 NO. SANTIPUR,SANTIPUR,6
290909,A.O.C. Block 2 Ndpt,GOLAI,76
291011,Abor Gaon N.C.,JAGUN,86
290006,Adarsha Deori,AMBIKAPUR,12
290915,Agbandha,MAKUMPATHAR,74
290903,Agbandha Bangali,MAKUMPATHAR,74
290127,Ahom Gaon,DHOLA-DHADUM,18
290352,Ahom Pathar,KAKOPATHER,23
290528,Ahukhat Gaon,BORGURI,48
290097,Ajukha Gaon,AROIMURIA,15
290096,Ajukha N.C.No.2,DANGARI,19
290118,Ajukha N.C.No.2,DANGARI,19
290887,Alubari Gaon No.2,KETETONG,73
289899,Amarpur,AMARPUR,1
290837,Ambikapur,BRAHMAJAN,71
290838,Ambikapur N.C.,BRAHMAJAN,71
290294,Amguri Gaon,GABHARUBHETI,39
290441,Amguri Gaon,GABHARUBHETI,39
290342,Amguri Gaon No-1 + 2,DIRAK,36
290972,Amrit Gaon,KUMSAI,85
290677,Anandabag T.E.,TINGRAI,54
289900,Arapatang,AMARPUR,1
290079,Arhai Muria Gaon,AROIMURIA,15
290210,Asomiya Balijan Gaon,TIPUK,25
290967,Assam Rly.Wla No.85,LEDO,82
290718,Assomiya Pathar Gaon,TINGRAI,54
290427,Athengia Gaon,RANGAJAN,26
290454,Badalbheta T.E. 111/114 Nlr,KAKOJAN,42
290455,Badlabheta T.E. 79/76 Nlr,KAKOJAN,42
290551,Baghbari Gaon,PANITOLA,46
290252,Baghjan Gaon,BAGHJAN,28
290253,Baghjan T.E. 137/140  (A) Nlr,BAGHJAN,28
290270,Baghjan T.E. 137/140 (B) Nlr,BAGHJAN,28
290225,Baghjan T.E. 212/167/214/164,BAGHJAN,28
290271,Baghjan T.E. 31 Wl,BAGHJAN,28
290248,Baghjan T.E. 351/352,BAGHJAN,28
290222,Baghjan T.E. 353 Nlr,BAGHJAN,28
290872,Baghmora Gaon,KETETONG,73
290656,Bahadur Te.344 Nlr.,KACHAMARI,56
290824,Balijan,DUWARMORA,70
291056,Balijan Forest Gaon,BORBIL,77
290579,Bambari Gaon,ITAKHULI CHARIALI,52
290435,Bamun Gaon,GABHARUBHETI,39
290246,Bandarkhati Gaon,BANDERKHATI,29
290207,Bangali Balijan,TIPUK,25
290910,Bapapung No.2,GOLAI,76
290879,Bapu Pathar No.2,KETETONG,73
290128,Bar Dhadum Gaon,DHOLA-DHADUM,18
289944,Barpather,BURABURI,3
290571,Baruahula Gaon,BARUAHULA,50
290822,Bebejia,DUWARMORA,70
290284,Bebejia Gaon,BAREKURI,32
290823,Bebejia N.C.,DUWARMORA,70
290572,Betioni Gaon,BARUAHULA,50
290308,Betjan Bongali Gaon,HAPJAN,34
290312,Betjan Gaon,HAPJAN,34
290306,Betjan T.E. 154/151 Nlr,HAPJAN,34
290313,Betjan T.E. 255 Nlr,HAPJAN,34
290314,Betjan T.E. 297 Nlr,HAPJAN,34
290016,Bhabala,NA-SADIYA,9
290062,Bhabang Khal Gaon,SAIKHOWA,14
290026,Bhabani Gar Deori,BURABURI,3
290663,Bherbheri Gaon,LANGKASHI,59
290525,Bherjan Gaon,BORGURI,48
291042,Bhim Pathar,BOGAPANI,65
290603,Bhimpara Gaon,RANGPURIA,53
290140,Bihia Gaon,DANGARI,19
290302,Bihiating Gaon,BAREKURI,32
290022,Bil Bosti Sunpura,SUNPURA,10
289984,Bil Gaon,SUNPURA,10
290973,Bisa Gaon No.1,KUMSAI,85
290430,Bisa Kupi T.E. 73 Fs.,MANKHOWA,41
290429,Bisa Kupi T.E. 8 No. L.C.,MANKHOWA,41
290482,Bisakapi T.E. 121 Fs.,MANKHOWA,41
290452,Bisakupi T.E. 121 Wl,MANKHOWA,41
290066,Bisani Mukh Gaon No.1  (Bisani Mukh Gaon),AROIMURIA,15
290067,Bisani Mukh N.C.,AROIMURIA,15
289965,Bishnupur Bhatikhuti,NA-GAON,8
291008,Bishnupur N.C. No.1,JAGUN,86
291009,Bishnupur N.C. No.2,JAGUN,86
290439,Bishnurpur,GABHARUBHETI,39
290646,Bishphutia Gaon,BORDUBI KONWARI PATHER,58
290235,Bissakopi Gaon,DOIMUKHIA,30
290236,Bissakupi T.E. 72 Wl,DOIMUKHIA,30
290034,Bodo Gaon,AMBIKAPUR,12
290732,Bogapani T.E.27 Appln No.3 Block,BOGAPANI,65
290730,Bogapani T.E.27 Appln.No.1 Block,BOGAPANI,65
290731,Bogapani T.E.27 Appln.No.2 Block,BOGAPANI,65
290733,Bogapani T.E.27 Block No.4,BOGAPANI,65
290726,Bogapani T.E.32 Darkhasta,PANIKHOWA,61
290787,Boka Pathar,BURIDIHING,67
290796,Boka Pathar N.C.,BURIDIHING,67
290672,Bokajan Gaon,LANGKASHI,59
289997,Bokapathar,BORJIYA,7
290450,Bokpara T.E. 168/173 Fs.,BORDUBI,40
290685,Bongali Balijan Gaon,HAPJAN,34
290080,Bookapathar Gaon,AROIMURIA,15
290081,Bookapathar Khanda,AROIMURIA,15
290008,Bor Dhania,SUNPURA,10
290361,Bor Dirak No-1,DIRAK,36
290360,Bor Dirak No-2,DIRAK,36
290359,Bor Dirak No-3,DIRAK,36
290357,Bor Mechai No-1,DIRAK,36
290356,Bor Mechai No-2,DIRAK,36
290135,Bor Pathar N.C.,MEGELA,17
290131,Bor Pathar No.1,MEGELA,17
290132,Bor Pathar No.2,MEGELA,17
290229,Bor Rupai Gaon,DAISAJAN,24
290327,Bora Chuk No-1,KAKOPATHER,23
290347,Bora Chuk No-2,KAKOPATHER,23
290321,Borali Gaon No-1,KAKOPATHER,23
290322,Borali Gaon No-2,KAKOPATHER,23
290324,Borali N.C.,KAKOPATHER,23
290635,Borbheta Bongali Gaon,BAPUJI,57
290631,Borbheta Te.331 Nlr,BAPUJI,57
290911,Borbil Gaon No.1,GOLAI,76
290913,Borbil Gaon No.2  (Bogapani),BORBIL,77
290912,Borbil Gaon No.3,BORBIL,77
289918,Borbil Pathar,KUNDIL,4
289917,Borbil Pathar Masaki,RAJGARH,5
290748,Bordirak,KOILASHPUR,66
290642,Bordubi Rev. Town.,BORDUBI KONWARI PATHER,58
290421,Bordubi T.E. 171/168 Nlr.,BORDUBI,40
290424,Bordubi T.E. 172/169 Nlr.,BORDUBI,40
290432,Bordubi T.E. 217/215/244/242 N,BORDUBI,40
290426,Bordubi T.E. 4/544 Wl,BORDUBI,40
290422,Bordubi T.E. Wl 6,BORDUBI,40
290434,Bordubi T.E. Wli,BORDUBI,40
290303,Borgaon,BAREKURI,32
290947,Borgolai Electric Line,BORGOLAI,80
290953,Borgolai Gaon No.1,BORGOLAI,80
290946,Borgolai Gaon No.2,BORGOLAI,80
291063,Borgolai Grant No.II,BORGOLAI,80
290943,Borgolai Telkhat,BORGOLAI,80
289959,Borgorah Deopani Miri No.2,BURABURI,3
289948,Borgorah Kalani Miri,BURABURI,3
290018,Borgoya Deori Gaon,SUNPURA,10
290693,Borhapjan Gaon,BORHAPJAN,60
290776,Borhollong No.1,BURIDIHING,67
290777,Borhollong No.2,BURIDIHING,67
290769,Borhollong No.3,BURIDIHING,67
290775,Borhollong Pathar,BURIDIHING,67
290438,Borjan,GABHARUBHETI,39
291053,Borjan Forest Village,BORBIL,77
289958,Borjhiya,BORJIYA,7
290926,Borkuruka,BHITORPAWOI,78
290094,Bormura Gaon,SAIKHOWA,14
290084,Bormura Miri Pathar,SAIKHOWA,14
290687,Bortarani Gaon,BORHAPJAN,60
290666,Bozaloni T.E. 23 Nlr.,LANGKASHI,59
290664,Bozaloni T.E. 8/6119 N.L R,LANGKASHI,59
290667,Bozaloni T.E.19 Nlr.,LANGKASHI,59
290665,Bozaloni T.E.22 Nlr,LANGKASHI,59
290518,Bozaltoli T.E. (Div.) No-13 Fs.Gt,GUIJAN,43
290840,Brahmajan,BRAHMAJAN,71
289909,Buraburi Deori,BURABURI,3
290027,Buraburi Deori No-2,BURABURI,3
290144,Chamguri Gaon,GAKHIRBHETI,22
289897,Champet Bodo,AMARPUR,1
290530,Chandmari Bongali Gaon,BORGURI,48
290529,Chandmari Gaon,BORGURI,48
289938,Chandrapur,RAJGARH,5
291003,Chandrapur N.C.,JAGUN,86
290011,Changchap,HOLLOWGAON,11
290574,Changmai Gaon,LAIPULI,51
289961,Chapakhowa Assamiya Nepali,NA-GAON,8
289902,Charah Gaon,AMARPUR,1
290389,Cheleng Guri Gaon No-1,KOOMSUNG,38
290390,Cheleng Guri No-2,KOOMSUNG,38
290167,Chengeli Gaon,DHOLA-DHADUM,18
290694,Chengelijan Gaon,HANSARA,62
290527,Chikajan Gaon,BORGURI,48
290783,Chikarajan,BIJULIBAN,69
289888,Chilling Lachan,AMARPUR,1
289890,Chilling Madhupur,AMARPUR,1
289892,Chilling Ming Mang,AMARPUR,1
290962,Chipe Gaon,LEDO COLLIEARY,83
290243,Chota Rupai Gaon,DAISAJAN,24
290680,Chotohapjan 120  (Pattaland),HAPJAN,34
290633,Chototingrai Te. 7/8 Nlr,BAPUJI,57
290632,Chototingrai Te.54 Fs.,BAPUJI,57
290339,Chuta Dirak No-1,MAITHONG,35
290298,Chuta Hapjan G Aon No-1,HAPJAN,34
290311,Chuta Hapjan T.E. 129 Fs.,HAPJAN,34
290310,Chuta Hapjan T.E. 56 Wl,HAPJAN,34
290577,Dahutia Gaon,LAIPULI,51
290265,Daidam T.E. 135/138 Wl,DOIDAM,31
290263,Daidam T.E. 38 Wl,DOIDAM,31
290262,Daidam T.E. 561/7 Wl,DOIDAM,31
290237,Daimukhiya Gaon,DOIMUKHIA,30
290261,Daimukhiya T.E. 12 Wl,DOIMUKHIA,30
290260,Daimukhiya T.E. 13/34/49 Wl,DOIMUKHIA,30
290233,Daimukhiya T.E. 25/26 Wl,DOIMUKHIA,30
290239,Daimukhiya T.E. 83 Wl,DOIMUKHIA,30
290240,Daimukhiya T.E. 84 Wl,DOIMUKHIA,30
290206,Daisa Gaon,TIPUK,25
290216,Daisajan T.E.  (1) 2 Wl,DAISAJAN,24
290205,Daisajan T.E. 10/12/ Wl,DAISAJAN,24
290214,Daisajan T.E. 13/14/22/15,DAISAJAN,24
290204,Daisajan T.E. 2/8/9 Wl,DAISAJAN,24
290182,Daisajan T.E.No.12 Wl.,DAISAJAN,24
290753,Dakhin Bishrampur,KOILASHPUR,66
290009,Dalapani,SUNPURA,10
290126,Dangari Chring,DANGARI,19
290141,Dangari Gaon,DANGARI,19
290195,Dangari Pathar,DANGARI,19
290192,Dangari T.E. 100/41/158 No.,RANGAJAN,26
290193,Dangari T.E. 130 Fs.,RANGAJAN,26
290194,Dangari T.E. 131 No. Fs.,RANGAJAN,26
290208,Dariabheti Gaon,TIPUK,25
290199,Dazijan No.1,KORDOIGURI,27
290305,Denka Gaon,BAREKURI,32
290586,Deohal Te.146/143 Nlr,LAIPULI,51
290589,Dewhal T.E. Appl. No-11 Block No-2,LAIPULI,51
290588,"Dewhal T.E.No-6/140,193/191 Nlr. Gt",LAIPULI,51
290584,Dewhal Te.147/144 Nlr.,LAIPULI,51
290585,Dewhal Te.278 Nlr,LAIPULI,51
290587,Dewhal Te.Appl.No-11Block No-4,LAIPULI,51
290497,Dhakual Gaon,GTTONG,45
290106,Dhala Gaon,DHOLA-DHADUM,18
290495,Dhalakhat Bagan Gaon,GTTONG,45
290007,Dhaniapur,AMBIKAPUR,12
290576,Dhariya Gaon,BARUAHULA,50
291058,Dhekiajan Forest Village No.1,BOGAPANI,65
291059,Dhekiajan Forest Village No.2,BOGAPANI,65
290599,Dhekiajuri Bongali Gaon,ITAKHULI CHARIALI,52
290559,Dhekiajuri Gaon,LAIPULI,51
290274,Dhelakhat T.E. 17 Wl,GTTONG,45
290581,Dhoria Raitak Gaon,LAIPULI,51
290669,Dhulijan Gaon,LANGKASHI,59
290272,Diamuli Gaon No-1,DIGHALTARANG,87
290273,Diamuli Gaon No-2,DIGHALTARANG,87
290244,Diamuli T.E. 11 NLR,BANDERKHATI,29
290256,Diamuli T.E. 139/136 Nlr,BANDERKHATI,29
290254,Diamuli T.E. 141/138 Nlr,BANDERKHATI,29
290257,Diamuli T.E. 168/144/195/193 N,BANDERKHATI,29
290269,Diamuli T.E. 181 Wl.,BANDERKHATI,29
290247,Diamuli T.E. 205/203,DIGHALTARANG,87
290255,Diamuli T.E. 41 Wl,BANDERKHATI,29
290886,Dibong Fakial,KETETONG,73
290893,Dibong No.2,KETETONG,73
290890,Dibongbari,KETETONG,73
290834,Dibrujan No.1,BRAHMAJAN,71
290833,Dibrujan No.2,BRAHMAJAN,71
290832,Dibrujan No.3,BRAHMAJAN,71
290831,Dibrujan No.4,BRAHMAJAN,71
290830,Dibrujan No.5,BRAHMAJAN,71
290098,Dighal Mechaki Gaon,AROIMURIA,15
290099,Dighal Mesaki N.C. (2),AROIMURIA,15
290292,Dighal Sako Gaon,BAREKURI,32
290765,Dighali Pathar,KOILASHPUR,66
290250,Dighaltarang Gaon,DIGHALTARANG,87
290224,Dighaltarang T.E. 120/117,BAGHJAN,28
290249,Dighaltarang T.E. 121/122/118,DIGHALTARANG,87
290901,Dihing T.E.,MAKUMPATHAR,74
289912,Dikrang Gaon,KUNDIL,4
290561,Dimoruguri,DIMARUGURI,49
290549,Dinjan Chapori,PANITOLA,46
290507,Dinjan T.E. 106 F.C (B),KHAMTIGUWALI,44
290509,Dinjan T.E. 111 1/2 Nlr,KHAMTIGUWALI,44
290931,Dirak No.1,BHITORPAWOI,78
290074,Dirakmukh N.C.,HAHKHATI,16
289932,Disai Miri,KUNDIL,4
289928,Disai Nadiyal,KUNDIL,4
290245,Dohutia Gaon,BANDERKHATI,29
291049,Doom Dooma Forest Village,BURIDIHING,67
289970,Doom Pathar,NA-SADIYA,9
290699,Doomdooma Pathar Gaon,HANSARA,62
289941,Dopani Bihiya,RAJGARH,5
289939,Dopani Borgaon,RAJGARH,5
289940,Dopani Gaon,RAJGARH,5
289907,Dora Gaon,BURABURI,3
290820,Duarmara Tea Co No 17  (Nla),DUWARMORA,70
290819,Duarmara Tea Co No 258 (Wla),DUWARMORA,70
290762,Dumchi Hatigarh,KOILASHPUR,66
290791,Duwarmara Gaon No.1,DUWARMORA,70
290790,Duwarmara Pathar,DUWARMORA,70
290336,Duwonia Maithon No-1,MAITHONG,35
290346,Duwonia Maithon No-2,MAITHONG,35
290345,Duwonia Maithong No-3,MAITHONG,35
290329,Duwonia Maithong No-5,MAITHONG,35
290330,Duwonia Maithong No-6,MAITHONG,35
290856,Enthem Gaon,ENTHEM,72
290855,Enthem Naga Pathar,KETETONG,73
290143,Era Gaon,TALAP,20
290490,Erasuti Gaon,GUIJAN,43
290489,Erasuti N.C.,GUIJAN,43
289898,Etsum,AMARPUR,1
290884,Fakial Gaon No.1,KETETONG,73
291029,Famang Nc.No.1,LEKHAPANI,84
290431,Fatickjan Gaon,MANKHOWA,41
290740,Forest Vill. Lakhipathar,LAKHIPATHAR,64
290411,Gabharu Bhati Na-Gaon,GABHARUBHETI,39
290420,Gabhorubheti,GABHARUBHETI,39
290563,Gaharipam Gaon,DIMARUGURI,49
290163,Gakhir Bheti Gaon,GAKHIRBHETI,22
290569,Gandhiya Naharani Gaon,BARUAHULA,50
290089,Garai Mari N.C.,NA-BARMURA,13
290025,Gargaon N.C.,HOLLOWGAON,11
290211,Garumoratup Gaon,TIPUK,25
290221,Gatang Gaon,KORDOIGURI,27
290419,Gauripur Gaon,GABHARUBHETI,39
290536,Gelapukhuri Gaon,BORGURI,48
290523,Gelapukhuri T.E.258 Nlr .Gt.,GTTONG,45
290524,Gelapukhuri T.E.No-285 Nlr.Gt.,GTTONG,45
290522,Gelapukhuri Te.No-266 Nlr.Gt.,GTTONG,45
289894,Ghahpur,AMARPUR,1
289920,Ghurmara Chapori,KUNDIL,4
290400,Gobani Gaon,KOOMSUNG,38
290061,Gohain Gaon,NA-BARMURA,13
290908,Golai Gaon No.1,GOLAI,76
290906,Golai Gaon No.3,GOLAI,76
290905,Golai Gaon No.5,PAWOI,75
290437,Gonhai Krishnapur,GABHARUBHETI,39
289930,Gosala Abor Miri,KUNDIL,4
290494,Gotong Bongali Gaon,GTTONG,45
290498,Gotong Gaon,GTTONG,45
290502,Guijan Gaon,GUIJAN,43
290686,Gupanari Habi Gaon,BORHAPJAN,60
290793,Hahkhata Rahbari Gaon,BIJULIBAN,69
290078,Hahkhati Miri Gaon N.C.,HAHKHATI,16
290075,Hahkhati Nepali N.C.,HAHKHATI,16
290331,Hahkhati Pathar,MAITHONG,35
290077,Hahkhati T.E. Gt.No.1 Nlr,HAHKHATI,16
290700,"Hahsara 8 no,Grant",HANSARA,62
290697,Hahsara T.E. 59/56 Appln.,HANSARA,62
290698,Hahsara T.E. 79/538 Gt.,HANSARA,62
290696,Hahsara T.E.15/12 Nlr.,HANSARA,62
290735,Hahsara T.E.20/156 Orr.,HANSARA,62
290213,Hallowkhowa Gaon,DAISAJAN,24
290295,Hallowtup Gaon,HATIJAN,33
290072,Halua Pathar N.C.,HAHKHATI,16
289931,Haripur,RAJGARH,5
290991,Hasak,KUMSAI,85
290291,Hatibat Gaon No-1,KORDOIGURI,27
290290,Hatibat Gaon No-2,KORDOIGURI,27
290317,Hatigarh Gaon,TONGONA,37
290376,Hatigarh Gaon,TONGONA,37
290060,Hatighuli N.C.,NA-BARMURA,13
290293,Hatijan Gaon,HATIJAN,33
290107,Hatikhowa,DHOLA-DHADUM,18
290980,Hawai Pathar No.1,KUMSAI,85
290977,Hawai Pathar No.2,KUMSAI,85
290976,Hawai Pathar No.3,KUMSAI,85
290608,Hebeda Bongali Gaon,TENGAPANI,55
290611,Hebeda Te.176/179 Nlr,TENGAPANI,55
290283,Hilikha T.E. 27 Fs.,HATIJAN,33
290277,Hilikha T.E. 5 Wl,HATIJAN,33
290578,Hilikhaguri Goan,ITAKHULI CHARIALI,52
290654,Hokani Pathar Gaon,KACHAMARI,56
290659,Holloguri Gaon,LANGKASHI,59
290768,Hollong Guti Bari N.C. No.2,BURIDIHING,67
290778,Hollong Guti Buri N.C. No.1,BIJULIBAN,69
291051,Hollong Guti Forest Village,BURIDIHING,67
290788,Hollong Na Gaon No.1,BURIDIHING,67
290785,Hollong Na Gaon No.2,BURIDIHING,67
290786,Hollong Pathar,BURIDIHING,67
289985,Hollow Gaon,HOLLOWGAON,11
290639,Hugrijan Gaon,BORDUBI KONWARI PATHER,58
290640,Hugrijan No. 116 Fs.Gt.,BORDUBI KONWARI PATHER,58
290638,Hugrijan T.E. 64/116 Nlr.,BORDUBI KONWARI PATHER,58
290279,Hukanguri T.E. 110 Fs.,HATIJAN,33
290280,Hukanguri T.E. 23/20 Nlr,HATIJAN,33
290281,Hukanguri T.E. 27 Fs.,HATIJAN,33
290278,Hukanguri T.E. 86 Nlr,HATIJAN,33
290532,Hukanpukhuri Gaon,BORGURI,48
290610,Hukanpukhuri Te.37/73 Nlr.Gt.,RANGPURIA,53
290729,Hullunghabi T.E.126 Appln.,TINGRAI,54
290595,Itakhuli T.E. 107 Nlr  (125/129/126 Nlr),ITAKHULI CHARIALI,52
290594,"Itakhuli T.E. 128,125,165,162 Nlr.Gt",ITAKHULI CHARIALI,52
290593,Itakhuli T.E.129/125 Nlr,ITAKHULI CHARIALI,52
290598,Itakhuli Te.250 Nlr.Gt.,ITAKHULI CHARIALI,52
291002,Jagun,JAGUN,86
291054,Jagun Forest Village,JAGUN,86
290220,Jakaichuk Gaon,KORDOIGURI,27
290304,Jangu Khowa Gaon,BAREKURI,32
290537,Jariguri Gaon,BORGURI,48
290623,Jengoni Gaon,TENGAPANI,55
289919,Jhia Gaon,KUNDIL,4
290596,Jhinga Gaon,ITAKHULI CHARIALI,52
290927,Jonglo Kuruka,BHITORPAWOI,78
290562,Jugipathar Gaon,DIMARUGURI,49
289994,Jyotish Nagar,BORJIYA,7
290653,Kachamari Gaon,KACHAMARI,56
290333,Kachari Maithong No-2,MAITHONG,35
290334,Kachari Maithong No-3,MAITHONG,35
290337,Kachari Mathong No-4,MAITHONG,35
290377,Kachijan Gaon No-2,TONGONA,37
290384,Kachijan No-1,TONGONA,37
290344,Kachrai Mathong No-1,MAITHONG,35
290575,Kadomoni Gaon,DIMARUGURI,49
290757,Kailashpur,KOILASHPUR,66
290645,Kakajan Gaon,ITAKHULI CHARIALI,52
290465,Kakajan Gaon No-1,KAKOJAN,42
290464,Kakajan Gaon No-2,KAKOJAN,42
290460,Kakajan Gaon No-3,KAKOJAN,42
290462,Kakajan No-4,KAKOJAN,42
290386,Kakapatar Town,KAKOPATHER,23
290375,Kakapathar No-1,KAKOPATHER,23
290373,Kakapathar No-2,KAKOPATHER,23
290372,Kakapathar No-3,KAKOPATHER,23
290535,Kakaratoli Gaon,TALAP,20
291004,Kakharani Nagar N.C.,JAGUN,86
290059,Kaliapani Vill. N.C.,NA-BARMURA,13
290974,Kamba Gaon,LEDO COLLIEARY,83
290828,Kana Pathar No.1,PURONIPUKHURI,68
290805,Kana Pathar No.2,PURONIPUKHURI,68
290807,Kana Pathar No.3,PURONIPUKHURI,68
290091,Kapahtoli N.C.No.1,NA-BARMURA,13
290092,Kapahtoli N.C.No.2,NA-BARMURA,13
289998,Kapawpathar Deori,BORJIYA,7
290558,Kaptanchuk Gaon,LAIPULI,51
290217,Kardaiguri Gaon No-2,KORDOIGURI,27
290201,Kardoiguri No.1,KORDOIGURI,27
290200,Kardoiguri No.3,KORDOIGURI,27
290829,Kariajan,PURONIPUKHURI,68
290533,"Katchujan Te. No 236/234/163,160,257 Nlr",BORGURI,48
291006,Katha Adarsha N.C.,JAGUN,86
290812,Kathal Guri,ENTHEM,72
291005,Kathasema N.C.,JAGUN,86
290219,Kecheruguri Gaon,BORHAPJAN,60
290692,Kecheruguri Gaon,BORHAPJAN,60
290637,Kehang Te. 5/18 no.Darkhast,ITAKHULI CHARIALI,52
290591,Keheng T.E. 23/145/Nlr,ITAKHULI CHARIALI,52
290590,Keheng T.E. 36/144 Orr.,ITAKHULI CHARIALI,52
290111,Khagarijan  (Khagarijan No.1),DANGARI,19
290105,Khaloi Gaon,DHOLA-DHADUM,18
290877,Khaman Pathar No.1,KETETONG,73
290876,Khaman Pathar No.2,KETETONG,73
290505,Khamti Gohali T.E 106 No.F.S (B),KHAMTIGUWALI,44
290506,Khamtigohali T.E.No 111 1/2 Nlr Gt,KHAMTIGUWALI,44
290990,Kharang Kong,KUMSAI,85
290142,Khari Gaon,TALAP,20
290622,Kharia Gaon,TENGAPANI,55
290580,Kharikatia Gaon,LAIPULI,51
290385,Kharjan Gaon,KOOMSUNG,38
290844,Khatangpani Gaon,ENTHEM,72
290843,Khatangpani T.E. Grant No.121,ENTHEM,72
291057,Kherjan Forest Village,BOGAPANI,65
290628,Khetojan 333 Nlr,KACHAMARI,56
290630,Khetopathar Gaon,KACHAMARI,56
290185,Khobong T.E. 105 Fs.,KHOBANG,21
290177,Khowang 17/21 no. NLR,KHOBANG,21
290145,Khowang Gaon,KHOBANG,21
290178,Khowang T.E.110/74 Wl.,KHOBANG,21
290164,Khowang T.E.21 No. Nlr,KHOBANG,21
289911,Khristian Gohain,BURABURI,3
290063,Khutipathar Gaon,SAIKHOWA,14
290649,Konwari Pathar Block 2.,BORDUBI KONWARI PATHER,58
290647,Konwari Pathar Gaon,BORDUBI KONWARI PATHER,58
290032,Kuhia Bari,AMBIKAPUR,12
290802,Kuju Pathar Gaon,PURONIPUKHURI,68
290017,Kukuramora Bananchal,HOLLOWGAON,11
290560,Kukurekhowa Gaon,HOLLOWGAON,11
290382,Kuli Bill Gaon,TONGONA,37
290402,Kumchang T.E. No-15/25/63 Wl.,KOOMSUNG,38
290404,Kumchang Te.Grant No-287 (Ab)NC,KOOMSUNG,38
290405,Kumchang Te.No-2871 (Bc) Nlr,KOOMSUNG,38
290984,Kumsai Gaon,KUMSAI,85
290387,Kumsang T.E. No-308 Nlr.,KOOMSUNG,38
289971,Kundil Kinar,NA-SADIYA,9
289967,Kundil Nagar,NA-GAON,8
289964,Kundil Najia,NA-GAON,8
290950,Lagum Gaon No.1+2,MAKUMPATHAR,74
290737,Laika Forest Vill. Laika Gaon,GUIJAN,43
290146,Laina Gaon,GAKHIRBHETI,22
290162,Laina T.E.51 Nlr,GAKHIRBHETI,22
289993,Lakhimi Pathar,BORJIYA,7
289996,Lakhimijan,BORJIYA,7
289975,Lakhimpuria,NA-SADIYA,9
289977,Lakhimpuria Nepali,NA-SADIYA,9
290736,Lakhipathar Block  (A To E),LAKHIPATHAR,64
289952,Lakhyapur,BURABURI,3
291010,Lakla Pathar N.C.,JAGUN,86
291020,Lalpahar Pathar Gaon,LEKHAPANI,84
290932,Lama Gaon,BHITORPAWOI,78
290662,Langkachi Gaon,LANGKASHI,59
290661,Langkachi Gutibari,LANGKASHI,59
290674,Langkachi T.E.307/329 Nlr.,TENGAPANI,55
290300,Langsowal T.E. 210/208,HATIJAN,33
290299,Langsowal T.E. 31 Wl,BAREKURI,32
290095,Laphangkula Gaon,SAIKHOWA,14
290071,Lawpani N.C.,HAHKHATI,16
290068,Lawpani N.C.  (2),HAHKHATI,16
290113,Lawpati Gaon No.1,DANGARI,19
290370,Lazum Gaon,KAKOPATHER,23
290368,Lazum Pathar Gaon No-1,KAKOPATHER,23
290961,Ledo Coal Para,LEDO,82
290959,Ledo Gaon,SAMUKJAN,81
290968,Ledo Namdang Gaon,BORGOLAI,80
290963,Ledo Tea Co.Nlr Grant No.174/1,LEDO COLLIEARY,83
290948,Ledo Tikak N.C.,SAMUKJAN,81
291015,Lekha Pani Gaon,LEDO COLLIEARY,83
290965,Lekhapani Nepali,LEDO COLLIEARY,83
290319,Lesengka Bangali Gaon,HAPJAN,34
290315,Lesenka Gaon,BAREKURI,32
290538,Lezaihula Gaon,BAZALTOLI,47
291065,Lido Tikok,SAMUKJAN,81
291064,Lido Town,LEDO,82
290930,Likhajan Grant No.21,KUMARPATTY,79
290500,Limbuguri T.E.151/148 Nlr.Gt.,GTTONG,45
290516,Limbuguri T.E.152/149/ Nlr,GTTONG,45
290734,Limbuguri T.E.225/227 Nlr.Gt.,GTTONG,45
290499,Limbuguri T.E.251/149 Nlr.Gt.,GTTONG,45
290761,Litong Gaon,KOILASHPUR,66
290867,Long Gaon,KETETONG,73
290860,Long Tikhak,KETETONG,73
290992,Longtong No.1,KUMSAI,85
290993,Longtong No.2,KUMSAI,85
290309,Lonsowal T.E. 429/192 Nlr,HATIJAN,33
290607,Luhari Bongali Gaon,RANGPURIA,53
290606,Luhari Nepali Gaon,RANGPURIA,53
290172,Lukhorang N.C.,MEGELA,17
290170,Lukhrong Gaon,MEGELA,17
290169,Lukhrong Pathar,MEGELA,17
290760,Madarkhat Gaon,KOILASHPUR,66
290418,Madhabpur Gaon,GABHARUBHETI,39
290773,Madhavpur N.C.,PURONIPUKHURI,68
290000,Magar Gaon  (Ambikapur),AMBIKAPUR,12
290771,Mahong Gaon No.1,PURONIPUKHURI,68
290772,Mahong Gaon No.2,PURONIPUKHURI,68
290859,Maichang Pathar,KETETONG,73
290782,Mailapung No.1,BIJULIBAN,69
290363,Maithong Pani No-1,DIRAK,36
290358,Maithong Pani No-2,DIRAK,36
290367,Maj Gaon,KAKOPATHER,23
289987,Majgaon,HOLLOWGAON,11
289960,Majuli,NA-GAON,8
290917,Makum Block No.2,BHITORPAWOI,78
290614,Makum Jn.Bongali Gaon,TENGAPANI,55
290320,Makum Junction Gaon,HAPJAN,34
291061,Makum Killa Forest Village,PAWOI,75
290898,Makum Pathar No.1,MAKUMPATHAR,74
290900,Makum Pathar No.2,MAKUMPATHAR,74
290897,Makum Pathar No.3,MAKUMPATHAR,74
290899,Makum Pathar No.4,MAKUMPATHAR,74
290033,Makuri Bosti,AMBIKAPUR,12
291038,Malu Gaon,SAMUKJAN,81
290738,Mamorani Forest Village,LAKHIPATHAR,64
290719,Mamorani Gaon,LAKHIPATHAR,64
290864,Manmaw Gaon,KETETONG,73
290969,Manmaw Gaon,KETETONG,73
290869,Manmaw Kuhiar Bari,LEDO,82
290870,Manmaw Nanglai Gaon,KETETONG,73
290868,Manmaw Pathar,KETETONG,73
290863,Manmaw Ulup N.C.,KETETONG,73
290873,Manmawmukh,KETETONG,73
290428,Manuh Khowa Gaon,MANKHOWA,41
290951,Margherita Kumar Potty,KUMARPATTY,79
290896,Mase Gaon,MAKUMPATHAR,74
290582,Matie Khana Gaon,LAIPULI,51
290583,Maut Ghat Gaon,LAIPULI,51
290138,Megala Gaon No.1,MEGELA,17
290129,Megala Gaon No.2,MEGELA,17
290800,Mihali Ritu No.1,PURONIPUKHURI,68
290801,Mihali Ritu No.2,PURONIPUKHURI,68
290001,Milanpur Deori,AMBIKAPUR,12
290083,Miri Gaon,SAIKHOWA,14
290179,Misimikota No.2,GAKHIRBHETI,22
290414,Mising Gaon,GABHARUBHETI,39
290652,Mohakali Te.315 Nlr.Gt.,BAPUJI,57
290650,Mohakali Te.328/338 Nlr. Grt,KACHAMARI,56
290636,Mohkhuli Gaon,BAPUJI,57
290958,Molong Bangali Gaon No.1,SAMUKJAN,81
290957,Molong Bangali Gaon No.2,SAMUKJAN,81
290955,Molong Gaon No.1,SAMUKJAN,81
290956,Molong Gaon No.2,SAMUKJAN,81
290644,Monkhushi T.E. 304/311 Nlr.,BORDUBI KONWARI PATHER,58
290592,Morankari Gaon,ITAKHULI CHARIALI,52
289966,Mugalpur,NA-GAON,8
290851,Mugong Gaon No.1,ENTHEM,72
290850,Mugong Gaon No.2,ENTHEM,72
290852,Mugong Pathar Gaon,ENTHEM,72
290853,Mugong Ritu Pathar N.C,ENTHEM,72
290695,Mulan Pathar Gaon,HANSARA,62
290975,Mulong Gaon,KUMSAI,85
289923,Muluk Chapori,KUNDIL,4
290749,Nabajyoti,KOILASHPUR,66
289982,Na-Basa Gaon,NA-SADIYA,9
290093,Na-Bormura N.C.No.3,NA-BARMURA,13
290854,Naga Pathar N.C.,ENTHEM,72
290154,Na-Gaon Gakhir Bheti,GAKHIRBHETI,22
289951,Naharbari,SANTIPUR,6
290540,Nakhrai Gaon,BAZALTOLI,47
290882,Nakong Pathar No.1,KETETONG,73
290892,Nakong Pathar No.2,KETETONG,73
290815,Nalani Gaon No.2,DUWARMORA,70
290511,Nalani T.E. 187/190 Nlr.,KHAMTIGUWALI,44
290512,Nalani T.E. 94/97 Nlr,KHAMTIGUWALI,44
290504,Nalani T.E. No-111 Fs.,KHAMTIGUWALI,44
290510,Nalani T.E. No-7 Wla.,KHAMTIGUWALI,44
290514,Nalani T.E.No 188/189/185/186 Nlr,KHAMTIGUWALI,44
290515,Nalanihula Gaon,GUIJAN,43
290759,Nam Hollong Nagaon,KOILASHPUR,66
290301,Na-Matapung Gaon,BAREKURI,32
290942,Namdan Golai,BORGOLAI,80
291041,Namdang Bahbari,BORGOLAI,80
290945,Namdang Coal Grant No.4,BORGOLAI,80
290944,Namdang Coalliory N.C.,BORGOLAI,80
290936,Namdang Tea Co.Kabula Darkhast,KUMARPATTY,79
290938,Namdang Tea Co.Nlr Grant  (A) No.277,KUMARPATTY,79
290764,Namhollong Block Gaon,KOILASHPUR,66
290763,Namhollong Gaon,KOILASHPUR,66
291055,Namphoi Forest Village,JAGUN,86
290351,Namuvon,KAKOPATHER,23
290003,Na-patia  (Naptia Nadiyal),SUNPURA,10
290004,Naptiya Ahom,SUNPURA,10
289893,Napun,AMARPUR,1
290602,Narsing Gaon,RANGPURIA,53
289988,Nasai Gaon N.C.,HOLLOWGAON,11
290005,Natai Deori,AMBIKAPUR,12
290020,Natun Balijan,SUNPURA,10
290789,Natun Maithong No.1,BIJULIBAN,69
290090,Naw Kata Gaon N.C.,NA-BARMURA,13
290809,Naya Kuju No.3,PURONIPUKHURI,68
290804,Naya Kuju No.4,PURONIPUKHURI,68
290108,Nepali Chiring,DHOLA-DHADUM,18
290989,Nim Gaon No.1,KUMSAI,85
290918,Niz Makum Gaon,BHITORPAWOI,78
289896,No 2 Gahpur,AMARPUR,1
290643,No. 1. Bordubi Gaon.,BORDUBI KONWARI PATHER,58
290724,No.1 Assomiya Gaon,TINGRAI,54
290082,No.1 Dhola Bagan  (No.1 Dhola Te.120/133 Fs.),SAIKHOWA,14
290085,No.1 Na-Bormura Gaon,NA-BARMURA,13
289915,No.1 Na-Gaon,RAJGARH,5
290826,No.1 Nalani Gaon N.C.,DUWARMORA,70
290711,No.1 Nazirating Gaon,PANIKHOWA,61
290723,No.1 Tokowani Gaon,PANIKHOWA,61
290712,No.2 Assomiya Gaon,PANIKHOWA,61
290683,No.2 Chutahapjan Gaon,HAPJAN,34
290658,No.2 Dhulijan Habi Gaon,LANGKASHI,59
289903,No.2 Karmi,AMARPUR,1
290086,No.2 Na-Bormura N.C.,NA-BARMURA,13
289916,No.2 Na-Gaon,RAJGARH,5
290725,No.2 Naziratng Gaon,PANIKHOWA,61
290657,No.2 Sukanigaon,LANGKASHI,59
290709,No.2 Tokowani Gaon,PANIKHOWA,61
290682,No.3 Chotohapjan Gaon,HAPJAN,34
289901,No.3 Karmi,AMARPUR,1
290488,No-1 Gorangjan,GUIJAN,43
290626,No-1 Hebeda Gaon,KACHAMARI,56
290600,No-1 Patia Pathar Gaon,RANGPURIA,53
290520,No-1Balupara Gaon,BAZALTOLI,47
290519,No-2 Balupara Gaon,BAZALTOLI,47
290624,No-2 Hebeda Gaon,KACHAMARI,56
290629,No-2 Khetojan,KACHAMARI,56
290601,No-2 Patia Pathar Gaon,RANGPURIA,53
290625,No-3 Hebeda Gaon,KACHAMARI,56
290493,No-4 Fs.Rangagara Te.Natungaon,GTTONG,45
290545,Nokhroy T.E. 162/159 Nlr-149/146 Nlr,BAZALTOLI,47
290544,Nokhroy T.E.184/187 Nlr,BAZALTOLI,47
290542,"Nokhroy Te. 149/146 (P)161/158,216/194/192 Nlr",BAZALTOLI,47
290553,Nunpuria Bongali Gaon,DIMARUGURI,49
290554,Nunpuriya Kaibartta Gaon,DIMARUGURI,49
290727,Obhatajan Gaon,TINGRAI,54
290728,Obhatajan T.E.293 Nlr.,BOGAPANI,65
290557,Okanimaria Kachari Gaon,DIMARUGURI,49
290234,Ouguri Gaon,TIPUK,25
290721,Owguri Gaon,TINGRAI,54
290276,Pabhajan T.E. 219 Wl,DOIDAM,31
290691,Pabhajan T.E.220/218,BORHAPJAN,60
290442,Padum Pathar Bijulibon,GABHARUBHETI,39
289995,Padum Pukhuri,BORJIYA,7
290543,Padumani Gaon,BAZALTOLI,47
289974,Padumphula gaon,NA-SADIYA,9
291021,Paharpur N.C.,LEKHAPANI,84
290604,Pakhorijan Gaon,RANGPURIA,53
291060,Panbari Forest Village,BOGAPANI,65
290985,Panchung No.1,KUMSAI,85
290871,Pangna Gaon,KETETONG,73
290716,Panikhowa Bongali Gaon,PANIKHOWA,61
290713,Panikhowa Gaon,PANIKHOWA,61
290573,Panimodi Habi Gaon,BARUAHULA,50
290565,Panitola Gaon,PANITOLA,46
290566,Panitola Town,PANITOLA,46
291007,Parbatipur Gaon,JAGUN,86
291013,Parbatipur N.C.,JAGUN,86
290436,Parbotipur Gaon,GABHARUBHETI,39
289963,Patidai Nagaon,NA-GAON,8
290266,Pavajan T.E. 137/130/129/124,DOIDAM,31
290264,Pavajan T.E. 206 Wl,DOIDAM,31
290842,Pengeri Garh N.C.,BRAHMAJAN,71
290836,Pengerigarh Grant No.8/313,BRAHMAJAN,71
290835,Phapolajan,DUWARMORA,70
290087,Phelai Gaon N.C.,NA-BARMURA,13
290443,Phillobari T.E. 34 Wl,BIJULIBAN,69
290780,Phillobari T.E.Co. (Darkhast 284/285),BIJULIBAN,69
290781,Philobari T.E. (Dar.No.2)Pt-1,BIJULIBAN,69
290122,Phol Bari Habi Gaon,DANGARI,19
290445,Pithaguti Gaon No-1,KAKOJAN,42
290444,Pithaguti Gaon No-2,KAKOJAN,42
291052,Powai Forest Village,PAWOI,75
290929,Powai Mukh No.1,BHITORPAWOI,78
290928,Powai Mukh No.2,BHITORPAWOI,78
290904,Powai T.E.,PAWOI,75
290076,Puali Pathar N.C.,HAHKHATI,16
289887,Purana Repot,AMARPUR,1
289921,Purana Sadiya,KUNDIL,4
290289,Purani Matapung No-1,BAREKURI,32
290288,Purani Matapung No-2,BAREKURI,32
290286,Purani Matapung No-4,BAREKURI,32
290617,Rabar Bari,TENGAPANI,55
290415,Rabar Guri Gaon,GABHARUBHETI,39
290715,Raidang Bongali Gaon,PANIKHOWA,61
290689,Raidang Gaon,PANIKHOWA,61
290714,Raidang Pathar Gaon,PANIKHOWA,61
290701,Raidang T.E. 122 Fs.Gt.,HANSARA,62
290704,Raidang T.E.132 Fs.,SAMDANG,63
290797,Raidangani N.C.,BURIDIHING,67
290668,Raigarh T.E.15 Nlr.,TENGAPANI,55
290391,Rajagarh Gaon,RANGAJAN,26
290671,Rajgarh T.E.17 Nlr.,TENGAPANI,55
290621,Rajgarh Te.26/21No.NLR GT,TENGAPANI,55
290894,Rajkhowa Gaon,KETETONG,73
289969,Rajmao Na-Paglam,NA-GAON,8
290999,Rampur No.1,LEKHAPANI,84
291001,Rampur No.2,LEKHAPANI,84
290998,Rampur No.3,LEKHAPANI,84
290503,Rangagarah T.E. 18/179 Orr.Nlr,KHAMTIGUWALI,44
290398,Rangajan Block,RANGAJAN,26
290396,Rangajan Gaon No-1,MANKHOWA,41
290395,Rangajan Gaon No-2,RANGAJAN,26
290417,Rangpur,GABHARUBHETI,39
290774,Ratani Block N.C.,BURIDIHING,67
290798,Ratani Pathar,BURIDIHING,67
289910,Ratanpur,BURABURI,3
290810,Ritu Kathal Guri No.1,ENTHEM,72
290811,Ritu Kathal Guri No.2,ENTHEM,72
290799,Rituban Gaon,PURONIPUKHURI,68
290408,Romai Gabharu No-1,KOOMSUNG,38
290409,Romai Gabharu No-2,KOOMSUNG,38
290410,Romai Gabharu No-3,KOOMSUNG,38
290232,Rupai  (Patta Land),DAISAJAN,24
290258,Rupai T.E. 182 Wl,DAISAJAN,24
290227,Rupai T.E. 232/230 Nlr,DAISAJAN,24
290228,Rupai T.E. 233/231 Nlr,DAISAJAN,24
290230,Rupai T.E. 246/244 Nlr,DAISAJAN,24
290242,Rupai T.E. 265 Nlr  (Rupai T.E. 265/540 WLA),DAISAJAN,24
290064,Saikhowa Gaon,SAIKHOWA,14
290471,Sakreting 40 Wl,KAKOJAN,42
290168,Salaguri Gaon,MEGELA,17
290282,Samaguri Gaon,HATIJAN,33
290124,Samaguri Habi Gaon,DANGARI,19
290708,Samdang T.E. 241/239 Nlr.,SAMDANG,63
290705,Samdang T.E. 48 Fs  (B),SAMDANG,63
290702,Samdang T.E. 48 Fs. (A),HANSARA,62
290710,Samdang T.E.309/9I276 Wl.Appln.,SAMDANG,63
290707,Samdang T.E.46 Appln,SAMDANG,63
290703,Samdang T.E.59/126/16 Wla.,SAMDANG,63
290960,Samukjan,SAMUKJAN,81
290019,Saru Dhania,SUNPURA,10
290343,Saru Dirak Gaon No-1,MAITHONG,35
290340,Saru Dirak No-2,MAITHONG,35
290355,Saru Mechai No-1,DIRAK,36
290354,Saru Mechai No-2,DIRAK,36
290139,Sarudhadum Gaon,DHOLA-DHADUM,18
290641,Sawtal Basti,BORDUBI KONWARI PATHER,58
289929,Shanti Nagar Nepali,KUNDIL,4
289950,Shilghat Tarani,SANTIPUR,6
290035,Shimoluguri,AMBIKAPUR,12
290751,Simaluguri,KOILASHPUR,66
290655,Simaluguri Gaon,LANGKASHI,59
290660,Simoluguri Chuck,LANGKASHI,59
290104,Singsi Gaon,DHOLA-DHADUM,18
290069,Sisini N.C. (Upar),HAHKHATI,16
290412,Sitalpur Gaon,GABHARUBHETI,39
290476,Sitolpati Gaon,KAKOJAN,42
290101,Sonari No.1,MEGELA,17
290100,Sonari No.2,MEGELA,17
290031,Sonowal Gaon,AMBIKAPUR,12
290037,Sonowal Gaon,AMBIKAPUR,12
290416,Sonowal Gaon,AMBIKAPUR,12
290362,Soon Jan,DIRAK,36
290413,Soonapur Deori,GABHARUBHETI,39
290684,Sukanguri T.E. 109/111 nlr,BORHAPJAN,60
290722,Sukanpukhuri Gaon,PANIKHOWA,61
290341,Sumoni Gaon,DIRAK,36
290021,Sunpura Gaon,SUNPURA,10
289999,Takajan gaon  (Tokajan Deori),AMBIKAPUR,12
290979,Taklong Nepali No.2,KUMSAI,85
290770,Tal Pathar,KOILASHPUR,66
290190,Talap 36 Fs.,KHOBANG,21
290393,Talap Bagan Gaon,RANGAJAN,26
290394,Talap Gaon,RANGAJAN,26
290174,Talap T.E.100 Fs.,TALAP,20
290189,Talap T.E.100/41/99/100 Fs.  (Talap 100 No. Fs.),TALAP,20
290175,Talap Town,TALAP,20
290153,Tamuli No.1,GAKHIRBHETI,22
290152,Tamuli No.2,GAKHIRBHETI,22
290380,Tangana Bangali,TONGONA,37
290378,Tangana Gaon,TONGONA,37
290756,Tangana Na Gaon,KOILASHPUR,66
290750,Tangana Soonjan,KOILASHPUR,66
290755,Tangana T.E. (Grant No.108),TONGONA,37
290758,Tangana T.E. (Grant No.55),TONGONA,37
290381,Tangana T.E. No-114 Wla.,TONGONA,37
290921,Tankeswar Baruah Grant No.41,BHITORPAWOI,78
290469,Tara T.E. 123 Nlr,KAKOJAN,42
290478,Tara T.E. 81/8/548/210 Wl.,KAKOJAN,42
290318,Tarajan Gaon,BAREKURI,32
290792,Tarani Ban Gaon,BURIDIHING,67
290794,Tarani Gaon,BURIDIHING,67
290795,Tarani Pathar No.1,BURIDIHING,67
290813,Tarani Pathar No.2,BURIDIHING,67
289906,Taribari,BURABURI,3
290847,Tekeri Block No.2,ENTHEM,72
290846,Tekeri Block No.3,ENTHEM,72
290849,Tekeri Gaon Block No.1,ENTHEM,72
289895,Teliabari,AMARPUR,1
289986,Telikola Hollow,HOLLOWGAON,11
290166,Tenga Gaon,TALAP,20
290073,Tenga Pani N.C.,HAHKHATI,16
290620,Tengapani Gaon,TENGAPANI,55
290612,Tengapani Te.664/105 Nlr.Gt.,TENGAPANI,55
290613,Tengapani Te.No-316 Nlr.Gt.,TENGAPANI,55
290350,Tezi Gaon No-1,KAKOPATHER,23
290348,Tezi Gaon No-2,KAKOPATHER,23
290401,Tinga Mira Gaon  (Tinga),KOOMSUNG,38
290616,Tingrai Bongali Gaon,KACHAMARI,56
290627,Tingrai Bongali Gaon,KACHAMARI,56
290739,Tingrai Forest Village,TINGRAI,54
290615,Tingrai Gaon,TENGAPANI,55
290717,Tingrai Gaon,TENGAPANI,55
290597,Tingrai Habi Gaon,RANGPURIA,53
290619,Tingrai Hebeda,TENGAPANI,55
290981,Tinisuti No.1,KUMSAI,85
290983,Tinisuti No.2,KUMSAI,85
291018,Tipang Pani Natun Gaon,LEDO COLLIEARY,83
291022,Tipangpani Stn. Side,LEDO COLLIEARY,83
290209,Tipuk T.E. 101 Fs.,TIPUK,25
290186,Tipuk T.E. 102  (1) Fs.,KHOBANG,21
291016,Tirap Gaon No.1,LEKHAPANI,84
291019,Tirap Gaon No.2,LEKHAPANI,84
291035,Tirap Grant No.2,LEKHAPANI,84
290125,Tirowal Pathar Gaon,DHOLA-DHADUM,18
290845,Toko Pathar No.2,ENTHEM,72
290841,Tokopathar No.1,ENTHEM,72
290448,Tongain Sunjan No-1,GABHARUBHETI,39
290383,Tongana T.E. No-22 Wla.,TONGONA,37
290447,Tongani Sumjan No-2,GABHARUBHETI,39
290446,Tongani Sunjan Nc.,GABHARUBHETI,39
289913,Torani,BURABURI,3
289991,Tupsinga Gaon N.C.,HOLLOWGAON,11
290874,Ubon Pathar No.1,KETETONG,73
290002,Udaipur Deori,SUNPURA,10
290994,Udoipur No.1,LEKHAPANI,84
290995,Udoipur No.2,LEKHAPANI,84
290996,Udoipur No.3,LEKHAPANI,84
290865,Ulup Pathar,KETETONG,73
290365,Upar Kuli Pathar,KAKOPATHER,23
290374,Upar Uvon Gaon No-1,KAKOPATHER,23
290371,Upar Uvon Gaon No-2,KAKOPATHER,23
290197,Upartalap No.1,RANGAJAN,26
290196,Upartalap No.2,RANGAJAN,26
290070,Uppar Lawpani N.C.,HAHKHATI,16
290720,Uppar Mamorani Gaon,TINGRAI,54
289989,Upper Nasai,HOLLOWGAON,11
290752,Uttar Bishrampur,KOILASHPUR,66
290924,Vitor Powai No.1,BHITORPAWOI,78
290925,Vitor Powai No.2,BHITORPAWOI,78
290766,Wat Hoi,KOILASHPUR,66
290501,Wathoi Gaon,GTTONG,45
289937,1 No. Bishnupur,RAJGARH,5
290933,112/109/Nla Grant 2 Makum Tea Co.,KUMARPATTY,79
290934,112/109/Nla Grant.1 Makum Tea Co.,KUMARPATTY,79
290902,177/174 Nlr.Grant,MAKUMPATHAR,74
289981,2 No. Bacha Gaon,NA-SADIYA,9
289889,2 No. Chillling,AMARPUR,1
289927,2 No. Kundil,KUNDIL,4
289925,2 No. Muluk Chapori,KUNDIL,4
290040,3 MILE,NA-SADIYA,9
290116,Ajukha N.C.No.1,DANGARI,19
290117,Ajukha N.C.No.3,DANGARI,19
290888,Alubari Gaon No.1,KETETONG,73
290889,Alubari Gaon No.3,KETETONG,73
290681,Assomiya Balijan Gaon,BORHAPJAN,60
290470,Badalbheta T.E. 28 Wl,KAKOJAN,42
290451,Badla Bheta T.E. 17 Wl,KAKOJAN,42
290456,Badlabheta T.E. No-559 Wl.,KAKOJAN,42
290251,Baghjan N.C.,KORDOIGURI,27
289990,Bahani Gaon N.C.,HOLLOWGAON,11
290491,Balijan Gaon,GUIJAN,43
290570,Balijan Gaon,GUIJAN,43
290825,Balijan N.C.,DUWARMORA,70
291026,Balijan N.C.,DUWARMORA,70
290878,Bapu Pathar No.1,KETETONG,73
290036,Basa Gaon,NA-SADIYA,9
289953,Batoni Tarani,BURABURI,3
290513,Bazaltoli Gaon,GUIJAN,43
290161,Betoni Gaon,GAKHIRBHETI,22
290688,Betoni Gaon,GAKHIRBHETI,22
290150,Bhereka N.C.No.1,DANGARI,19
290119,Bhereka N.C.No.2,DANGARI,19
289908,Bhobanegar Deori,BURABURI,3
290971,Bisa Gaon No.2,KUMSAI,85
290238,Bisakupi T.E. 72 Fs.,DOIMUKHIA,30
289922,Bojal Gaon,KUNDIL,4
290173,Bojal Gaon,KUNDIL,4
290449,Bokpara T.E. 169/174 Fs.,BORDUBI,40
290364,Bor Mechai No-3,DIRAK,36
290133,Bor Pathar No.3,MEGELA,17
290134,Bor Pathar No.4,MEGELA,17
290323,Borali Gaon No-3,KAKOPATHER,23
290634,Borbheta Kuhiyar Bari,BAPUJI,57
290433,Bordubi T.E. 183/180 Nlr,BORDUBI,40
290423,Bordubi T.E. 183/180 Nlrc.,BORDUBI,40
290425,Bordubi T.E. 207/205 Nlr,BORDUBI,40
289949,Borgorah Deopani No.1,BURABURI,3
290392,Borjan Gaon,RANGAJAN,26
290648,Borjan Gaon,RANGAJAN,26
290028,Buraburi No.3,BURABURI,3
290029,Burdhania No-2,SUNPURA,10
290526,Chandmari Nepali Gaon,BORGURI,48
291040,Chiboo Gaon,LEDO COLLIEARY,83
290679,Chotohapjan 114/4 Nlr.,HAPJAN,34
290678,Chotohapjan T.E. 128 Nlr.,HAPJAN,34
290605,Chototingrai No-2 Wla Gt.,TINGRAI,54
290183,Daisa Balijan No.1,TIPUK,25
290184,Daisa Balijan No.2,TIPUK,25
290215,Daisa T.E. No.2 Wl,DAISAJAN,24
290181,Daisa.16 No. Wl.P,DAISAJAN,24
290198,Darjijan Gaon No.2,KORDOIGURI,27
290114,Dhanjan T.E. 136/133 Nlr,DANGARI,19
290496,Dhelakhat Gaon,GTTONG,45
290039,Dhorpur,NA-SADIYA,9
290268,Diamuli 39 NLR,BANDERKHATI,29
290267,Diamuli T.E. 183/224 Nlr,BANDERKHATI,29
290226,Diamuli T.E. 269 Nlr,BANDERKHATI,29
290891,Dibong No.1,KETETONG,73
290223,Dighal Tarang T.E. 120/123/215,BAGHJAN,28
290556,Dihingia Gaon,DIMARUGURI,49
290316,Disaojan Gaon,BAREKURI,32
290814,Duarmara Gaon,DUWARMORA,70
290816,Duarmara Gaon No.2,DUWARMORA,70
290328,Duwonia Maithong No-4,MAITHONG,35
290883,Fakial Gaon No.2,KETETONG,73
291030,Famang N.C.No.2,JAGUN,86
290521,Gelapukhuri T.E.No-261 Nlr,BORGURI,48
291043,Golai AOC Block Gaon,GOLAI,76
290907,Golai Gaon No.2,GOLAI,76
290914,Golai No.4,GOLAI,76
290858,Hahchara Pathar,ENTHEM,72
290486,Hahkhati Forest Village,MAITHONG,35
290335,Hahkhati Gaon,MAITHONG,35
290332,Hahkhati N.C.,HAHKHATI,16
290203,Hatisal Gaon No.1,KORDOIGURI,27
290202,Hatisal Gaon No.2,KORDOIGURI,27
290609,Hebeda Te.Wla No-32,TENGAPANI,55
291031,Hemza Gaon,JAGUN,86
290275,Hilikha T.E. 265 Wl,HATIJAN,33
290784,Hollong Guri,BURIDIHING,67
290531,Hukanpukhuri T.E.Pattaland,BORGURI,48
290015,Hulung Pathar,HOLLOWGAON,11
290673,Itakhuli Khetobari,ITAKHULI CHARIALI,52
290675,Itakhuli T.E.33 Nlr Gt.,ITAKHULI CHARIALI,52
290379,Jengani Gaon,KAKOPATHER,23
290115,Kailashpur T.E.26 No.W.L.,DANGARI,19
290155,Kaitia Gaon .No.1,GAKHIRBHETI,22
290156,Kaitia Gaon.No.2,GAKHIRBHETI,22
290218,Kajanga Gaon,KORDOIGURI,27
290567,Kajikhowa Gaon,BARUAHULA,50
290103,Kaka Sonari,MEGELA,17
290102,Kakajan Sonari,DHOLA-DHADUM,18
290013,Kakaramara,HOLLOWGAON,11
290453,Kaliapani Gaon,KAKOJAN,42
289992,Kapou Pathar,BORJIYA,7
290806,Kariajan N.C.,PURONIPUKHURI,68
290997,Katha Gaon,JAGUN,86
291028,Kengia N.C.No.1,JAGUN,86
291027,Kengia N.C.No.2,JAGUN,86
290676,Ketanghabi Gaon,BARUAHULA,50
291014,Khatang Pani Joyrampur N.C.,JAGUN,86
290176,Khobang T.E.35/98 No.Nlr,KHOBANG,21
290165,Kokora Toli Gaon,TALAP,20
290803,Kuju Gaon,PURONIPUKHURI,68
290136,Kula Pathar No.1,MEGELA,17
290137,Kula Pathar No.2,MEGELA,17
290388,Kumchang T.E. Grant 145/14,KOOMSUNG,38
290403,Kumchang T.E. No-146/147 Wl.,KOOMSUNG,38
290407,Kumsang Te. No-116 Wl.,KOOMSUNG,38
290406,Kumsang Te.1/48 Wl.,KOOMSUNG,38
289891,Laimakuri,AMARPUR,1
290484,Lajum Gaon No-1,KAKOPATHER,23
291017,Lalpathar Gaon,LEKHAPANI,84
290112,Lawpati Gaon No.2,DANGARI,19
290369,Lazum Pathar Gaon No-2,KAKOPATHER,23
290954,Ledo Bangali Gaon,LEDO,82
290982,Lekhapani Nadi Kash,LEKHAPANI,84
290517,Limbuguri T.E.No-98 Darkhasta,GTTONG,45
290307,Longsowal T.E. 109/112,BAREKURI,32
290296,Longsowal T.E. 114 Nlr,BAREKURI,32
290297,Longsowal T.E. 254 Nlr,HATIJAN,33
290937,Makum Assam Tea Co.Darkhast-2,KUMARPATTY,79
290919,Makum Block No.1,BHITORPAWOI,78
290922,Makum Block No.3,BHITORPAWOI,78
290920,Makum Block No.4,BHITORPAWOI,78
290923,Makum Block No.5,BHITORPAWOI,78
291037,Malu Gaon No. 2,LEDO COLLIEARY,83
291000,Mancha Pathar,JAGUN,86
290861,Manmaw Maichang N.C.,ENTHEM,72
290862,Manmaw Ulup Gaon,ENTHEM,72
290130,Megala T.E.No.349 Nlr,MEGELA,17
289933,Miri Chapori,KUNDIL,4
290180,Misimikota No.1,GAKHIRBHETI,22
291036,Molong Pathar No.1,LEDO COLLIEARY,83
291034,Molong Pathar No.2,LEDO COLLIEARY,83
291033,Molong Pathar No.3,LEDO COLLIEARY,83
290651,Monkhoshi Te. No.339 Nlr.Gt.,BORDUBI KONWARI PATHER,58
290440,Moran Gaon,GABHARUBHETI,39
290010,Na-chaki gaon,AMBIKAPUR,12
289914,Na-Gaon,RAJGARH,5
290160,Na-Gaon,RAJGARH,5
290397,Na-Gaon,RAJGARH,5
290564,Na-Gaon,RAJGARH,5
290539,Nakhrai Bongali Gaon,BAZALTOLI,47
290541,Nakhrai Dhekeri Gaon,BAZALTOLI,47
290952,Namdan Gaon,KUMARPATTY,79
290827,Naya Kuju No 1,PURONIPUKHURI,68
290808,Naya Kuju No.2,PURONIPUKHURI,68
290987,Nim Gaon N.C.,KUMSAI,85
290988,Nim Gaon No.2,KUMSAI,85
291039,Ningda Gaon,LEDO COLLIEARY,83
289924,No.1 Muluk Pathar,KUNDIL,4
290030,No.2 Lakhimi Pathar,AMBIKAPUR,12
290487,No-2 Gorangjan,GUIJAN,43
290618,No-2 Tingari Hebeda,TENGAPANI,55
290555,Okanimuriya Bongali Gaon,DIMARUGURI,49
290690,Pabhajan T.E.223/221 nlr,DOIDAM,31
289904,Pachim Block Bananchal,BURABURI,3
290670,Pagla Basti,BAPUJI,57
290986,Panchung Navajuti,KUMSAI,85
290866,Pani Gaon,ENTHEM,72
290508,Panitola T.E. 108/105 Fs.,PANITOLA,46
290546,Panitola Te.No-111 Nlr,PANITOLA,46
290568,Panitola Te.No-66 Fs.Gt.,PANITOLA,46
290552,Panitola Te.No-68 Fs.Gt.,PANITOLA,46
290534,Parbatia Gaon,BORGURI,48
290259,Pavajan T.E. 65 Wl,DOIDAM,31
290839,Pengerigarh Grant No.93,BRAHMAJAN,71
291050,Phillobari Na Gaon Forest Village,JAGUN,86
290123,Phol Bari N.C.,DANGARI,19
290881,Pithaguti Bari Gaon,KETETONG,73
290285,Purani Matapung No-3,BAREKURI,32
290287,Purani Matapung No-5,BAREKURI,32
290895,Rajkhowa Pathar,KETETONG,73
290399,Rangajan Bangali,RANGAJAN,26
290231,Rupai T.E. 249/246/265/250,DAISAJAN,24
290241,Rupai T.E. 38/32 WLA,DAISAJAN,24
290109,Sada Siva T.E. 118/14,DANGARI,19
290110,Sada Siva T.E. 337 Nlr,DANGARI,19
290472,Sakreting T.E. 135 Fs.,KAKOJAN,42
290475,Sakreting Wl No-8,KAKOJAN,42
290474,Sakreting. 560 Wl,KAKOJAN,42
290966,Saliki N.C.,LEDO COLLIEARY,83
290121,Sapmari Gaon No.2 N.C.,DANGARI,19
290120,Sapmari No.1,DANGARI,19
290353,Saru Mechai No-3,DIRAK,36
290978,Taklong Nepali No.1,KUMSAI,85
290191,Talap T.E. 99/100/102 Fs.,TALAP,20
290480,Tara T.E. 175/172 Nlr,KAKOJAN,42
290477,Tara T.E. 2/10/53 Wl,KAKOJAN,42
290458,Tara T.E. 36/92 Wl,KAKOJAN,42
290468,Tara T.E. 37/41 Wl,KAKOJAN,42
290457,Tara T.E. 387 WlA,KAKOJAN,42
290479,Tara T.E. Wl. 546,KAKOJAN,42
290481,Tara T.E. Wl. No-37,KAKOJAN,42
290467,Tara T.E. WlA. 31,KAKOJAN,42
290848,Tekeri Block N.C.,ENTHEM,72
290349,Tezi Gaon No-3,KAKOPATHER,23
290326,Tezi Pathar,KAKOPATHER,23
290325,Tezi Pathar No-3,KAKOPATHER,23
291025,Tipang Coal Grant,LEKHAPANI,84
291023,Tipangpani Ward,LEKHAPANI,84
290187,Tipuk T.E. 100 Fs.,TIPUK,25
290970,Tirap Mukh,KUMSAI,85
290857,Tokow Pathar,ENTHEM,72
291012,Tokow Pathar Sema Gaon N.C.,JAGUN,86
290880,Ubon Gaon,KETETONG,73
290875,Ubon Pathar No.2,KETETONG,73
290366,Upar Kuli Gaon,KAKOPATHER,23
289905,Uttar Block,BURABURI,3
290171,Uvota,KAKOPATHER,23
291032,Wara Gaon,JAGUN,86
290492,Wathoi Habi,KHAMTIGUWALI,44
290964,Wla No.11,LEDO,82
