district_name,block_name,gp_name,vill_name,lat,long,Dairy,Goatery,Piggery,Backyard_Poultry,Duckery,Fishery_Activity
DIBRUGARH,KHOWANG,DIKHARI TILOI,DIKHARI MORAN NO.1,27.308329846827,94.8820986337666,3,9,10,3,2,1
DIBRUGARH,KHOWANG,GOZPURIA,1 NO.GOZPURIA GAON,27.3194054187918,94.9610975632456,0,75,74,16,22,3
DIBRUGARH,KHOWANG,NAKHAT,107 FS GRANT,27.1766784616994,94.8391968513295,0,32,97,21,37,10
DIBRUGARH,KHOWANG,MORAN,ABHOIPURIA BONGALI,27.1302502938146,94.8488952352803,0,2,8,9,20,2
DIBRUGARH,KHOWANG,KHOWANG,AHOMGAON KATAKI PUKHURI,27.30341767191,94.9273675401844,0,18,1,6,1,0
DIBRUGARH,KHOWANG,KHOWANG,AHOMGAON NAGAR,27.1290615346805,94.8334814605052,0,8,12,11,0,2
DIBRUGARH,KHOWANG,KHOWANG,AHOMGAON NO.1,27.3228651222984,95.0063106435378,0,14,26,17,3,2
DIBRUGARH,KHOWANG,KHOWANG,AHOMGAON NO.2,27.317771548238,94.9456720740705,0,7,13,14,1,2
DIBRUGARH,KHOWANG,DHEMECHI,AKHOIPHUTIA,27.3136417114483,95.0117286338942,0,10,4,11,0,1
DIBRUGARH,KHOWANG,KOLOLOWA,ATHABARI,27.1060687878388,94.8172819686963,2,6,18,25,9,2
DIBRUGARH,KHOWANG,KHOWANG,BAGHTALI PATHER GAON,27.2131181912695,94.876010004223,0,21,63,7,17,5
DIBRUGARH,KHOWANG,NAHARANI,BAGHTOLI BAHANI,27.3292643893188,94.9938338895005,1,15,18,10,13,0
DIBRUGARH,KHOWANG,KHOWANG,BAGHTOLI SONOWAL,27.1282145624163,94.8131772772338,1,14,10,15,14,1
DIBRUGARH,KHOWANG,BAMUNBARI DOMORDOLONG,BAMUNBARI 320 NO. NLR GRANT.,27.2511021535482,94.8054366155129,2,16,2,7,1,1
DIBRUGARH,KHOWANG,BAMUNBARI DOMORDOLONG,BAMUNBARI 50/162 OR GRANT (PART A),27.3140368754185,94.9749637210497,0,15,3,7,2,1
DIBRUGARH,KHOWANG,BAMUNBARI DOMORDOLONG,BAMUNBARI NO. 264 NLR GRANT.,27.2738347122744,94.8605618052312,1,45,41,15,9,3
DIBRUGARH,KHOWANG,BAMUNBARI DOMORDOLONG,BAMUNBARI NO.1 NLR GRANT.,27.1812692928795,94.7834567917599,0,8,3,3,2,3
DIBRUGARH,KHOWANG,LENGERI,BAMUNPUKHURI NO. 2,27.241211375882,94.9117815559732,0,27,45,2,4,6
DIBRUGARH,KHOWANG,NAKHAT,BAR MECHLOW GAON,27.2090949529973,94.8525671488841,0,17,17,8,26,2
DIBRUGARH,KHOWANG,NAHARANI,BEZ GAON,27.1636961497316,94.881143321794,0,18,14,0,1,0
DIBRUGARH,KHOWANG,MORAN,BEZAR CHUK BONGALI,27.1857017183036,94.8748629412443,4,24,36,24,12,2
DIBRUGARH,KHOWANG,NAHARANI,BEZGAON NO. 2,27.1730233589621,94.777296894724,0,7,16,2,2,0
DIBRUGARH,KHOWANG,DHEMECHI,BEZPATHER NO. 1,27.2885658222435,94.9013948888174,1,37,37,21,3,0
DIBRUGARH,KHOWANG,DHEMECHI,BEZPATHER NO. 2,27.1214694526033,94.8235444930451,1,17,12,7,5,1
DIBRUGARH,KHOWANG,SEPON,BHALUKAGURI,27.2550779304073,94.9725593160186,3,24,2,30,14,3
DIBRUGARH,KHOWANG,NAKHAT,BHARALI  F.V.,27.13904867666,94.7612590535708,0,3,7,2,6,20
DIBRUGARH,KHOWANG,NAKHAT,BHARALIBARI NO. 2,27.3098831980156,95.0443527797756,0,36,0,0,0,0
DIBRUGARH,KHOWANG,NAKHAT,BHARALIBARI NO.1,27.2761946118553,94.9718496230419,0,44,71,8,28,18
DIBRUGARH,KHOWANG,NAKHAT,BHARALIBARI NO.3,27.2763625227146,94.9368745676914,0,4,2,1,0,0
DIBRUGARH,KHOWANG,TINTHENGIA,BHUGALIPATHER F.V.,27.3310830155933,94.9696876826143,0,4,21,0,19,0
DIBRUGARH,KHOWANG,TINTHENGIA,BOR GHUGULONI,27.2669801990719,94.8954193259357,0,30,33,1,49,0
DIBRUGARH,KHOWANG,KHOWANG,BORBIL BLOCK GAON,27.2449413636683,94.8225304281032,0,6,0,0,2,0
DIBRUGARH,KHOWANG,TINTHENGIA,BORBIL FV,27.252881434337,94.8336783792512,0,4,7,12,11,0
DIBRUGARH,KHOWANG,NAHARANI,BORBIL GAON,27.2957834354528,95.03816937287,0,35,97,17,8,1
DIBRUGARH,KHOWANG,KHOWANG,BORBIL GERGERI GAON,27.2631761360843,94.920451758712,2,53,1,3,1,0
DIBRUGARH,KHOWANG,KHOWANG,BORBIL KHALIAMARI GAON,27.241917312723,94.9362859485894,0,27,14,3,6,0
DIBRUGARH,KHOWANG,HALADHIBARI,BORDOLONI GAON,27.1930972575377,94.7824017455295,0,24,6,6,3,0
DIBRUGARH,KHOWANG,HALADHIBARI,BORDOLONI PATHER,27.2850674180538,94.8788478421898,0,7,6,1,0,1
DIBRUGARH,KHOWANG,TINTHENGIA,BORHULA FV,27.2236107436094,94.8814726719761,0,16,22,0,18,0
DIBRUGARH,KHOWANG,KHOWANG,BUKAHULA,27.2997850774199,94.978145059411,0,19,21,5,4,0
DIBRUGARH,KHOWANG,GOZPURIA,CHAGALI PATHER,27.2248819971634,94.7903967552573,3,30,67,6,12,3
DIBRUGARH,KHOWANG,NAKHAT,CHAHARIKATA NO. 3,27.1736289459595,94.8290667620038,0,8,10,2,8,2
DIBRUGARH,KHOWANG,NAKHAT,CHAHARIKATA NO.1,27.1392129403736,94.8224376538463,0,27,78,3,73,3
DIBRUGARH,KHOWANG,NAKHAT,CHAHARIKATA`NO.2,27.3092766498514,94.9848008595166,0,4,33,8,36,2
DIBRUGARH,KHOWANG,DIKHARI TILOI,CHAKALIA GAON,27.3777426079391,95.0027133297917,2,21,16,15,9,2
DIBRUGARH,KHOWANG,PATHALIBAM,CHAKALIA NO 1(A),27.1317082586569,94.8638688371278,5,14,21,22,6,2
DIBRUGARH,KHOWANG,PATHALIBAM,CHAKALIA NO.1(B),27.1374797163065,94.8117981902529,8,11,18,13,2,0
DIBRUGARH,KHOWANG,PATHALIBAM,CHAKALIA NO.3,27.2769251068363,94.9002871069964,3,10,1,15,2,0
DIBRUGARH,KHOWANG,KOLOLOWA,CHENIMARI,27.243185193804,94.9727676315228,0,46,55,9,10,3
DIBRUGARH,KHOWANG,HALADHIBARI,CHETIA GAON,27.1397958086638,94.8008135777687,1,14,18,17,12,0
DIBRUGARH,KHOWANG,KHOWANG,DALANIKUR KUMAR GAON,27.2060720772211,94.7760637213872,1,86,0,12,2,0
DIBRUGARH,KHOWANG,KEKURI DALAPA,DALAPA,27.191411067076,94.8451484661972,0,69,37,4,12,1
DIBRUGARH,KHOWANG,PATHALIBAM,DEHINGIA GAON,27.158095176639,94.8610141536406,0,39,89,43,9,3
DIBRUGARH,KHOWANG,NAHARANI,DEMOWKINER BONGALI GAON,27.1884786520677,94.9198185352886,0,7,9,0,1,0
DIBRUGARH,KHOWANG,NAHARANI,DEMOWKINER CHANGMAI GAON,27.172760651113,94.8956475429779,1,12,15,6,1,1
DIBRUGARH,KHOWANG,DHEMECHI,DEODHAI BANGALI,27.3047193255381,94.9673611045683,0,21,14,8,2,2
DIBRUGARH,KHOWANG,LENGERI,DEOGHORIA NO. 2,27.1620312206268,94.7703704474626,0,20,64,10,10,3
DIBRUGARH,KHOWANG,SEPON,DEROIGHAT BLOCK NO. 1,27.2071461058178,94.8673439169466,1,6,1,6,1,0
DIBRUGARH,KHOWANG,DHEMECHI,DHEMECHI GAON,27.2526643387854,94.9129646076215,0,24,13,3,0,0
DIBRUGARH,KHOWANG,DHEMECHI,DHEMECHI HALODHIBARI,27.2569853883845,94.9448996283763,0,19,26,14,0,0
DIBRUGARH,KHOWANG,GOZPURIA,DIGHALIA BLOCK,27.1617601323653,94.8481101020354,0,11,8,0,0,0
DIBRUGARH,KHOWANG,SEPON,DIHAJAN GAON,27.1947427573827,94.8837870586023,0,28,6,39,8,3
DIBRUGARH,KHOWANG,HALADHIBARI,DIHINGIA GAON NO. 2,27.1663906830784,94.8373530802212,0,10,21,0,6,0
DIBRUGARH,KHOWANG,HALADHIBARI,DIHINGIA GAON NO. 3,27.3027163486057,94.9962302425274,0,9,17,8,2,0
DIBRUGARH,KHOWANG,DHEMECHI,DIKHARI 119 NO FS 144/107(B),27.270010890404,94.8070806745118,3,46,6,44,3,0
DIBRUGARH,KHOWANG,SEPON,DIKHARI CHAH COMP. 230/238 NLR,27.1543680523255,94.7902050781252,2,0,1,4,0,0
DIBRUGARH,KHOWANG,HALADHIBARI,DIKHARI KINAR NO. 4,27.2084118021563,94.8410768048216,0,21,72,45,9,2
DIBRUGARH,KHOWANG,HALADHIBARI,DIKHARI KINAR SARAGFALA,27.3554269895975,94.9893457355234,1,12,34,11,7,0
DIBRUGARH,KHOWANG,DIKHARI TILOI,DIKHARI MORAN NO. 2,27.2280357925442,94.9096662728346,0,18,30,13,2,3
DIBRUGARH,KHOWANG,GOZPURIA,DIKHARI NEPALI,27.3431677230931,95.0030827806822,0,22,22,2,3,0
DIBRUGARH,KHOWANG,SEPON,DIROIGHAT,27.2308719397928,94.7980240103282,4,23,10,20,11,0
DIBRUGARH,KHOWANG,SEPON,DIROIGHAT BLOCK GAON,27.2222639275605,94.8016232328203,1,6,0,0,0,0
DIBRUGARH,KHOWANG,BAMUNBARI DOMORDOLONG,DOMORDOLONG NO. 2,27.1397642344652,94.8562192837142,0,12,7,5,10,1
DIBRUGARH,KHOWANG,BAMUNBARI DOMORDOLONG,DOMORDOLONG NO. 4,27.1586576909253,94.7811189176613,0,4,3,1,1,0
DIBRUGARH,KHOWANG,BAMUNBARI DOMORDOLONG,DOMORDOLONG NO.1,27.1183432681877,94.8402327328687,0,33,24,22,4,0
DIBRUGARH,KHOWANG,RANGCHALI,DULIA LAHUWAL GAON,27.2700188962578,94.9445494467397,0,27,116,15,17,2
DIBRUGARH,KHOWANG,KOLOLOWA,DULIABAM BLOCK,27.1556230542384,94.8726831919518,0,5,5,4,5,0
DIBRUGARH,KHOWANG,KOLOLOWA,DULIABAM BONGALI,27.32420965001,94.9814137066879,0,4,6,1,1,0
DIBRUGARH,KHOWANG,KOLOLOWA,DULIABAM GAON,27.2940221223778,94.9404467255733,0,3,14,1,6,0
DIBRUGARH,KHOWANG,NAKHAT,ERA MECHLOW NO.1,27.2417530350585,94.8724842885038,0,24,21,0,15,7
DIBRUGARH,KHOWANG,DHEMECHI,GARIHALI CHETIA,27.2506183720868,94.8782211368846,0,18,20,8,0,0
DIBRUGARH,KHOWANG,DHEMECHI,GARIHALI CHUK,27.2387232207779,94.9587581108353,0,10,13,2,2,5
DIBRUGARH,KHOWANG,TINTHENGIA,GARMARA HATIGARAH,27.198789426518,94.8393255615076,2,14,30,6,43,0
DIBRUGARH,KHOWANG,KHOWANG,GAROIMARI GAON,27.326109678051,95.0522758148001,1,64,2,9,13,2
DIBRUGARH,KHOWANG,NAKHAT,GARUHARA GAON,27.2786351274094,94.9909071543358,0,8,53,14,14,9
DIBRUGARH,KHOWANG,LENGERI,GHUGHULBARI,27.169971561278,94.7958128117323,0,6,23,31,13,8
DIBRUGARH,KHOWANG,LENGERI,GHUGULBARI (GHUGULPATHER),27.200314127375,94.8580698556656,0,22,27,0,19,0
DIBRUGARH,KHOWANG,TINTHENGIA,GHUGULONI BARBAM,27.2457733974685,94.889863578627,0,23,34,3,5,0
DIBRUGARH,KHOWANG,TINTHENGIA,GHUGULONI BONGALI,27.2895418905897,94.8061537896394,0,57,43,2,3,0
DIBRUGARH,KHOWANG,TINTHENGIA,GHUGULONI BONGALI AHOM,27.3008748949141,95.0475646152756,0,33,32,1,5,0
DIBRUGARH,KHOWANG,TINTHENGIA,GHUGULONI NEPALI BONGALI(PART),27.0982431932848,94.8101956498608,0,39,16,2,2,0
DIBRUGARH,KHOWANG,RANGCHALI,GHUGULPATHER,27.096755345122,94.8365673926853,0,7,8,0,0,0
DIBRUGARH,KHOWANG,SEPON,GHUGULPATHER,27.096755345122,94.8365673926853,2,3,2,8,0,0
DIBRUGARH,KHOWANG,RANGCHALI,GHUGULPATHER NO.1,27.2234754288537,94.9533225899987,2,10,1,6,4,0
DIBRUGARH,KHOWANG,RANGCHALI,GHUGULPATHER NO.2,27.2733617026033,94.8770375456681,1,3,4,3,0,0
DIBRUGARH,KHOWANG,RANGCHALI,GHURAGHAS NO.1,27.3260883559847,94.9530104038502,0,17,54,2,0,0
DIBRUGARH,KHOWANG,RANGCHALI,GHURAGHAS NO.2,27.20170933409,94.7884543404908,0,3,12,2,1,0
DIBRUGARH,KHOWANG,RANGCHALI,GHURAGHAS NO.3,27.2560851591947,94.9851665533137,0,2,24,3,0,0
DIBRUGARH,KHOWANG,GOZPURIA,GOZPURIA BONGALI,27.2191950485914,94.8909198951413,0,7,16,6,3,0
DIBRUGARH,KHOWANG,GOZPURIA,GOZPURIA NEPALI,27.2331098913361,94.9502673390124,1,11,66,6,7,0
DIBRUGARH,KHOWANG,NAHARANI,GOZPURIA NO.2 (GOZPURIA BLOCK),27.2724721226604,94.8400113864957,0,1,7,0,0,0
DIBRUGARH,KHOWANG,NAHARANI,HALADHI BARI NA- GAON,27.3138189575099,94.9084924551268,0,6,16,1,22,0
DIBRUGARH,KHOWANG,HALADHIBARI,HALADHIBARI BORPATHER,27.2859363169399,94.9310850546255,0,8,52,6,11,1
DIBRUGARH,KHOWANG,TINTHENGIA,HALMARI 20 DARKHASTA,27.2825284899181,94.9446024109746,0,6,7,0,2,0
DIBRUGARH,KHOWANG,TINTHENGIA,HALMARI 318 NLR (PART A),27.294069055469,94.9230526438187,0,7,11,1,7,0
DIBRUGARH,KHOWANG,MORAN,HATKHULA,27.228478356737,94.8574662865101,4,8,8,16,8,2
DIBRUGARH,KHOWANG,LENGERI,HOLOGURI 9/182 NNITO GRANT VI,27.1844623527832,94.815620559521,0,11,42,7,19,7
DIBRUGARH,KHOWANG,NAKHAT,HOLOGURI GAON,27.2807616382354,94.8696269118076,0,18,77,10,46,5
DIBRUGARH,KHOWANG,NAKHAT,HOLOGURI NO. 2,27.1191963471548,94.7994746558874,0,10,8,4,7,0
DIBRUGARH,KHOWANG,NAKHAT,HOLOGURI NO. 3,27.2649236829975,94.9727482450417,0,7,21,4,17,8
DIBRUGARH,KHOWANG,NAHARANI,HUNGHUNGIA NO. 1,27.2328969708067,94.7789833891855,0,7,10,4,36,1
DIBRUGARH,KHOWANG,NAHARANI,HUNGHUNGIA NO. 3,27.2305649179515,94.9384523655638,0,12,23,0,5,1
DIBRUGARH,KHOWANG,NAHARANI,HUNGHUNGIA NO. 4,27.1875749603696,94.8648437829761,0,17,37,13,10,1
DIBRUGARH,KHOWANG,KEKURI DALAPA,JAMUGURI BONGALI,27.2599037520545,94.9038549866722,0,2,1,1,1,0
DIBRUGARH,KHOWANG,KEKURI DALAPA,JAMUGURI NO. 1,27.1662607893815,94.8116445954376,0,0,7,1,3,1
DIBRUGARH,KHOWANG,KEKURI DALAPA,JAMUGURI NO. 2,27.2794298363217,95.0241076620678,0,3,12,8,8,1
DIBRUGARH,KHOWANG,GOZPURIA,JATIONI,27.2663593922139,94.935212751265,0,6,4,1,6,1
DIBRUGARH,KHOWANG,PATHALIBAM,JHALLAM,27.2790412886089,94.9231431775564,8,15,11,20,7,0
DIBRUGARH,KHOWANG,TINTHENGIA,JORIGURI FV,27.2498007950284,94.7873405451559,0,6,47,2,9,1
DIBRUGARH,KHOWANG,HALADHIBARI,JUNE GAON,27.2884452877494,94.8639878902553,1,10,82,9,5,0
DIBRUGARH,KHOWANG,KEKURI DALAPA,KACHAMARI,27.3031395814034,94.9126451188805,0,34,26,3,3,2
DIBRUGARH,KHOWANG,DHEMECHI,KACHAMARI NO 2,27.215781731345,94.9456179142692,0,2,6,9,1,0
DIBRUGARH,KHOWANG,DHEMECHI,KALALUR,27.246318417545,94.9842849653186,0,31,40,14,10,0
DIBRUGARH,KHOWANG,DHEMECHI,KALALUR KONCH,27.3228013703163,95.0424656878505,2,46,40,13,8,1
DIBRUGARH,KHOWANG,DHEMECHI,KALALUR NAMDANG NO. 1,27.2639820897229,94.8702140980294,0,25,23,22,4,0
DIBRUGARH,KHOWANG,DHEMECHI,KALALUR NAMDANG NO. 2,27.1743426548272,94.8636272280561,3,21,2,9,1,0
DIBRUGARH,KHOWANG,DIKHARI TILOI,KAWAIMARI NO.1,27.3177537496264,94.9934693010573,0,3,2,4,1,4
DIBRUGARH,KHOWANG,DIKHARI TILOI,KAWAIMARI NO.2,27.2396461336363,94.857036764266,0,7,16,1,0,3
DIBRUGARH,KHOWANG,KEKURI DALAPA,KEKURI BONGALI,27.3014868660305,95.0236710388646,0,28,17,8,11,3
DIBRUGARH,KHOWANG,KEKURI DALAPA,KEKURI SONOWAL,27.2473111339949,94.8483288200843,0,23,55,12,17,2
DIBRUGARH,KHOWANG,SEPON,KHAGARIJAN,27.2233443383804,94.9317125935003,0,30,10,15,11,0
DIBRUGARH,KHOWANG,DIKHARI TILOI,KHELMATI,27.203352557065,94.8030281891448,6,47,23,12,9,2
DIBRUGARH,KHOWANG,RANGCHALI,KHOWANG 11/164 NLR GRANT (PART A),27.2818186875257,95.0343125603401,0,5,10,3,13,0
DIBRUGARH,KHOWANG,RANGCHALI,KHOWANG 11/164 NLR GRANT (PART B),27.3650592334177,94.9924154645524,0,16,9,2,7,0
DIBRUGARH,KHOWANG,RANGCHALI,KHOWANG 11/164 NLR GRANT (PART C),27.2991724778608,94.8550802412513,1,20,26,10,26,2
DIBRUGARH,KHOWANG,BAMUNBARI DOMORDOLONG,KHOWANG 312 NO. NLR GRANT.,27.2410919925932,94.7907529409285,1,38,9,6,4,0
DIBRUGARH,KHOWANG,RANGCHALI,KHOWANG 319 NO. NLR GRANT,27.1623063565851,94.8254408262808,0,9,7,6,0,1
DIBRUGARH,KHOWANG,GOZPURIA,KHOWANG GRANT CHAH CO. 108 NO. FS GRANT,27.2475188510191,94.952303178449,0,66,81,18,21,0
DIBRUGARH,KHOWANG,KHOWANG,KHOWANG SONOWAL BONGALI GAON (PART A),27.2440604108287,94.8370606131998,0,1,0,1,5,0
DIBRUGARH,KHOWANG,KHOWANG,KHOWANG SONOWAL BONGALI GAON(PART B),27.172275916287,94.8517853555096,2,32,51,35,48,4
DIBRUGARH,KHOWANG,TINTHENGIA,KOCH GAON F.V.,27.2869443736396,94.8907422335148,0,8,2,2,5,0
DIBRUGARH,KHOWANG,DHEMECHI,KOCHAMARI NO.1,27.2215516369507,94.7723777890724,8,50,32,47,18,10
DIBRUGARH,KHOWANG,LENGERI,KOILA GORA GAON,27.1844076966081,94.8528263353469,0,2,4,8,6,2
DIBRUGARH,KHOWANG,LENGERI,KOILA GORA HABI,27.1957836556468,94.8218382369957,0,23,16,9,7,5
DIBRUGARH,KHOWANG,KOLOLOWA,KOLOLOWA DEORI GAON,27.1844043922642,94.794613273615,1,29,157,0,3,0
DIBRUGARH,KHOWANG,KOLOLOWA,KOLOLUWA GAON,27.2207335659341,94.82866545596,0,40,6,5,42,2
DIBRUGARH,KHOWANG,PATHALIBAM,KOMOLDOI BETBARI,27.2188765853618,94.9128693514394,0,30,2,4,0,0
DIBRUGARH,KHOWANG,PATHALIBAM,KOMOLDOI BONGALI,27.3350492271991,95.0077014415151,0,21,8,5,0,0
DIBRUGARH,KHOWANG,PATHALIBAM,KOMOLDOI GAON,27.2166294360614,94.8596069409975,0,10,38,14,1,0
DIBRUGARH,KHOWANG,HALADHIBARI,KONWAR GAON NO. 1,27.2253050786444,94.8438712709422,2,15,19,17,7,4
DIBRUGARH,KHOWANG,HALADHIBARI,KONWAR GAON NO. 2,27.3036114971376,95.0573229453092,0,6,25,10,1,1
DIBRUGARH,KHOWANG,PATHALIBAM,KULIGAON,27.2234314990292,94.9003171797265,1,6,5,4,10,0
DIBRUGARH,KHOWANG,NAKHAT,LACHAN GOYA MIRI GAON,27.1764217923882,94.8745805357324,1,49,62,3,5,0
DIBRUGARH,KHOWANG,NAKHAT,LACHAN GOYA MIRI N.C.,27.1851000491035,94.8851248664355,0,16,10,3,3,1
DIBRUGARH,KHOWANG,SEPON,LAOKHOWA,27.1288581670385,94.8002927992612,0,8,0,24,1,0
DIBRUGARH,KHOWANG,NAHARANI,LUKUMAI BILL GAON,27.2720995586521,94.9584480678061,0,4,8,1,1,0
DIBRUGARH,KHOWANG,NAHARANI,LUKUMAI NO. 1,27.1125529778098,94.8293389841636,0,7,33,31,3,0
DIBRUGARH,KHOWANG,NAHARANI,LUKUMAI NO. 2,27.1928542327772,94.8960583909315,0,11,10,4,10,1
DIBRUGARH,KHOWANG,NAHARANI,MADHAKALI NO. 1,27.1545317151084,94.831621060005,1,20,7,16,2,0
DIBRUGARH,KHOWANG,RANGCHALI,MADHAKALI NO. 2,27.2684542156727,94.8278609429388,0,12,9,10,7,0
DIBRUGARH,KHOWANG,NAHARANI,MADHAKALI NO. 3,27.2686774667257,94.9822155081368,1,22,45,13,5,1
DIBRUGARH,KHOWANG,TINTHENGIA,MAJBAM F.V.,27.357058568385,95.0165713773724,1,4,20,4,9,0
DIBRUGARH,KHOWANG,DHEMECHI,MAJUMELIA,27.1906560312569,94.8336988380334,0,9,25,5,4,0
DIBRUGARH,KHOWANG,NAHARANI,MAUTONI NO. 1,27.1270778232509,94.774291078771,0,1,12,2,4,0
DIBRUGARH,KHOWANG,NAHARANI,MAUTONI NO. 2,27.2337527732359,94.9765685296525,0,6,22,4,11,2
DIBRUGARH,KHOWANG,MORAN,MIRIHULA  NO. 1,27.2931534563731,94.9620048283868,1,20,16,14,16,2
DIBRUGARH,KHOWANG,DIKHARI TILOI,MIRIHULA BLOCK,27.2489260784077,94.9291013270056,1,3,2,0,3,0
DIBRUGARH,KHOWANG,KHOWANG,MOINA GAON NO.1,27.2557708324111,94.8937108752067,0,5,6,2,8,0
DIBRUGARH,KHOWANG,RANGCHALI,MONI PATHER,27.3403149679703,94.9740972866091,0,34,80,5,4,0
DIBRUGARH,KHOWANG,DIKHARI TILOI,MORAN CHAH CO.140/168 NO.FS GRANT,27.2101707333038,94.8890004014101,2,5,11,2,6,0
DIBRUGARH,KHOWANG,DIKHARI TILOI,MORAN CHAH CO.18/39 NO.FS,27.3461002823595,95.0227006483781,0,14,6,1,4,2
DIBRUGARH,KHOWANG,MORAN,MORAN CT (PART A),27.2687064840146,94.8520887920141,0,3,0,1,3,0
DIBRUGARH,KHOWANG,MORAN,MORAN CT(PART B),27.2281495010952,94.870012562961,3,5,1,8,10,0
DIBRUGARH,KHOWANG,MORAN,MORAN CT(PART C),27.1640227544733,94.891592555388,2,13,5,10,11,0
DIBRUGARH,KHOWANG,MORAN,MORAN CT(PART D),27.313958433337,95.0582267784625,0,2,1,7,8,0
DIBRUGARH,KHOWANG,MORAN,MORAN CT(PART E),27.2570348259609,94.8612359302312,1,1,2,8,3,1
DIBRUGARH,KHOWANG,MORAN,MORAN CT(PART F),27.3214485227924,95.0248388225608,1,5,2,2,3,0
DIBRUGARH,KHOWANG,KOLOLOWA,MOWAMORA GAON NO. 1,27.1995608769229,94.9236832741945,0,18,4,2,0,0
DIBRUGARH,KHOWANG,KOLOLOWA,MOWAMORA GAON NO. 2,27.2385066764534,94.8064295192251,0,29,33,1,9,0
DIBRUGARH,KHOWANG,LENGERI,NA-CHANGMAI VILLAGE,27.1518730841944,94.8529403976527,0,16,99,12,21,10
DIBRUGARH,KHOWANG,PATHALIBAM,NAHARANI 108/167 NRL GRANT,27.2361168797459,94.8426993554744,1,121,59,21,10,1
DIBRUGARH,KHOWANG,PATHALIBAM,NAHARANI BLOCK,27.1852200367811,94.7678976394281,0,11,5,16,1,0
DIBRUGARH,KHOWANG,PATHALIBAM,NAHARANI BONGALI,27.2601601533873,94.8018951109425,4,14,15,15,0,2
DIBRUGARH,KHOWANG,PATHALIBAM,NAHARANI GAON,27.3098884305442,94.9364231911309,0,20,36,6,2,1
DIBRUGARH,KHOWANG,KOLOLOWA,NAHARANI NO. 1,27.3048824600444,94.9011973428419,0,4,0,0,4,0
DIBRUGARH,KHOWANG,NAHARANI,NAHARANI NO. 2,27.2107825367715,94.8294720774309,0,34,79,12,43,5
DIBRUGARH,KHOWANG,NAHARANI,NAHARANI SONOWAL GAON,27.1428253211091,94.8731426415635,0,6,41,9,18,2
DIBRUGARH,KHOWANG,KEKURI DALAPA,NAHULA BLOCK,27.177105893601,94.9048543559256,0,2,4,0,5,3
DIBRUGARH,KHOWANG,NAKHAT,NAKHAT SONOWAL,27.3319592016786,94.9410100098246,0,14,50,11,41,3
DIBRUGARH,KHOWANG,NAKHAT,NALANI  DOLONI 1,27.2882727174304,94.9706041177534,0,5,43,5,12,4
DIBRUGARH,KHOWANG,NAKHAT,NALANI  DOLONI 2,27.3008198495624,95.0086837115497,0,11,21,9,13,1
DIBRUGARH,KHOWANG,NAHARANI,NA-PATHER GAON,27.1490887363535,94.7589176815618,0,8,51,2,3,2
DIBRUGARH,KHOWANG,GOZPURIA,NATUN MAJHI,27.2157866181805,94.9255731659388,0,18,9,0,1,1
DIBRUGARH,KHOWANG,KOLOLOWA,NIZ KHOWANG,27.290842058009,94.913229563534,2,31,41,18,42,2
DIBRUGARH,KHOWANG,KOLOLOWA,NIZ KHOWANG BETONI,27.2830326171455,94.979903015728,0,17,46,3,23,4
DIBRUGARH,KHOWANG,TINTHENGIA,NO. 1 CHARAIHABI,27.2133654842777,94.7986830112811,0,5,51,9,9,0
DIBRUGARH,KHOWANG,LENGERI,NO. 1 LENGERI,27.352223773871,95.0076293650812,0,11,57,15,23,18
DIBRUGARH,KHOWANG,KEKURI DALAPA,NO. 2 DIGHALIA (PART B),27.2095665727437,94.917154075087,0,54,46,11,18,5
DIBRUGARH,KHOWANG,LENGERI,NO. 2 LENGERI,27.2803560925155,94.912051881768,0,24,22,10,13,19
DIBRUGARH,KHOWANG,TINTHENGIA,NO. 2 ROWMARI,27.1831175683586,94.8971721657008,0,8,9,0,22,0
DIBRUGARH,KHOWANG,TINTHENGIA,NO. 3 CHARAIHABI,27.2570050969407,94.8499744084904,0,9,42,0,3,0
DIBRUGARH,KHOWANG,KOLOLOWA,NO.1 BURI KHOWANG,27.2267640206346,94.812712427542,0,15,17,1,24,2
DIBRUGARH,KHOWANG,LENGERI,NO.1 DEOGHORIA,27.2376607921408,94.9254846137983,0,8,27,6,5,2
DIBRUGARH,KHOWANG,TINTHENGIA,NO.1 ROWMARI,27.3112741778587,95.001919180372,0,7,18,1,3,0
DIBRUGARH,KHOWANG,KOLOLOWA,NO.2 BURI KHOWANG (NO.2 KHOWANG),27.3351999131894,94.9839153533942,1,7,27,0,24,0
DIBRUGARH,KHOWANG,TINTHENGIA,NO.2 CHARAIHABI,27.3369206821887,95.0209757912886,0,10,44,12,50,0
DIBRUGARH,KHOWANG,KOLOLOWA,NO.3 BURI KHOWANG,27.1168801239598,94.8101940307086,0,6,11,0,10,0
DIBRUGARH,KHOWANG,LENGERI,NO.3 LENGERI,27.2054727800155,94.8148518018392,0,2,2,0,2,0
DIBRUGARH,KHOWANG,KEKURI DALAPA,NOLONI NC,27.1419204617706,94.7761846235176,0,3,5,0,2,0
DIBRUGARH,KHOWANG,KEKURI DALAPA,NOLONI PATHER,27.2030860869583,94.8794975431693,0,11,14,0,7,4
DIBRUGARH,KHOWANG,DIKHARI TILOI,NOWKATA GAON,27.2021672549945,94.9112125667126,0,5,10,1,2,6
DIBRUGARH,KHOWANG,KEKURI DALAPA,OUPHULIA ALI KINAR,27.2603461866559,94.8221457302827,0,12,25,1,7,0
DIBRUGARH,KHOWANG,HALADHIBARI,PADUMONI CHETIA,27.1451845169607,94.7900318736813,2,16,13,1,5,2
DIBRUGARH,KHOWANG,HALADHIBARI,PADUMONI MIRI GAON,27.2941049128892,94.879375660411,0,7,5,3,1,0
DIBRUGARH,KHOWANG,KOLOLOWA,PADUMONI NAGAON,27.2951582428603,94.8449163111933,0,14,6,3,7,6
DIBRUGARH,KHOWANG,HALADHIBARI,PADUMONI NO. 1,27.3452156485991,94.9654378746716,0,51,39,7,18,1
DIBRUGARH,KHOWANG,GOZPURIA,PATHALIBAM CHAH BAGISHA 127 N,27.1568217993662,94.814133291044,0,27,57,3,0,0
DIBRUGARH,KHOWANG,DIKHARI TILOI,PHATIKACHOWA AHOM,27.2557264318483,94.9962826539279,1,4,16,3,1,0
DIBRUGARH,KHOWANG,MORAN,PHATIKACHUA  ABHOIPURIA GAON,27.2542692944019,94.9590104547184,0,15,23,19,8,2
DIBRUGARH,KHOWANG,DIKHARI TILOI,PHATIKACHUA BORBAM,27.2026788757152,94.8979128647169,0,29,26,3,1,2
DIBRUGARH,KHOWANG,BAMUNBARI DOMORDOLONG,PHATIKACHUA EKORANI,27.1431380234492,94.8375715292594,0,9,13,3,1,0
DIBRUGARH,KHOWANG,BAMUNBARI DOMORDOLONG,PHATIKACHUA NEPALI,27.2828839715925,94.9552765525357,2,24,28,8,10,4
DIBRUGARH,KHOWANG,TINTHENGIA,PUBERUN KRISHI PAM NIGAM FV,27.2431235461141,94.7793861203681,0,15,49,1,29,0
DIBRUGARH,KHOWANG,BAMUNBARI DOMORDOLONG,RAIDONGIA GAON,27.1868696105274,94.9090296457515,0,9,3,5,3,0
DIBRUGARH,KHOWANG,BAMUNBARI DOMORDOLONG,RAIDONGIA SHEET  GRAZING,27.211735375268,94.7872281951826,0,4,1,3,0,1
DIBRUGARH,KHOWANG,NAKHAT,RAMANI BHARALI,27.2811798944546,94.8101718585529,0,0,5,0,3,0
DIBRUGARH,KHOWANG,PATHALIBAM,RANGAGARAH NO. 1,27.268433778049,95.0150255326328,1,33,34,8,7,1
DIBRUGARH,KHOWANG,PATHALIBAM,RANGAGARAH NO. 2,27.2486669974833,94.9038078571623,2,19,4,3,5,1
DIBRUGARH,KHOWANG,RANGCHALI,RANGCHALI BLOCK,27.2911129197599,95.007137701322,1,8,4,3,2,0
DIBRUGARH,KHOWANG,RANGCHALI,RANGCHALI GAON,27.3096480737989,95.0331019567318,0,10,9,10,2,2
DIBRUGARH,KHOWANG,RANGCHALI,RANGCHALI NEPALI,27.1300780734917,94.7626255470009,0,36,24,14,3,2
DIBRUGARH,KHOWANG,DHEMECHI,RANGRANGIA,27.2071252885478,94.9393504302614,1,15,1,2,1,0
DIBRUGARH,KHOWANG,GOZPURIA,RASHI PATHER NO.2,27.3456545425503,94.9880954107961,0,15,18,1,0,0
DIBRUGARH,KHOWANG,GOZPURIA,ROSHIPATHER NEPALI,27.1953867877067,94.870254900053,0,18,36,0,5,0
DIBRUGARH,KHOWANG,GOZPURIA,ROSHIPATHER NO.1,27.2376274489275,94.8996297239943,0,1,23,0,0,1
DIBRUGARH,KHOWANG,GOZPURIA,ROSHIPATHER NO.3,27.176037520936,94.8855486125233,0,2,6,0,0,0
DIBRUGARH,KHOWANG,HALADHIBARI,SAGUNIJAN,27.1461110473622,94.8637298089355,0,5,21,1,2,0
DIBRUGARH,KHOWANG,BAMUNBARI DOMORDOLONG,SAMUGURI,27.2287519011272,94.9218426036919,0,4,13,3,0,0
DIBRUGARH,KHOWANG,HALADHIBARI,SARAGFALA GAON,27.3002864535728,94.9517674011681,0,4,2,2,2,0
DIBRUGARH,KHOWANG,NAHARANI,SARAGPHULA GOHAIN GAON,27.2791294905299,94.8469176166782,1,38,17,9,8,0
DIBRUGARH,KHOWANG,DIKHARI TILOI,SARUPATHER NO.1,27.2753092328043,94.8890653531696,1,4,1,0,0,0
DIBRUGARH,KHOWANG,DIKHARI TILOI,SARUPATHER NO.2,27.3113743414899,94.9537618631663,7,30,23,59,2,4
DIBRUGARH,KHOWANG,HALADHIBARI,SENCHOWA PUKHURI GAON,27.267575702204,94.9111801700337,0,12,18,4,3,1
DIBRUGARH,KHOWANG,SEPON,SEPON 284 NLR GRANT,27.2951184059942,94.9879641592626,0,15,33,35,2,0
DIBRUGARH,KHOWANG,SEPON,SEPON CHAH BAGICHA 107/110 NLR,27.1520452349911,94.7736693017332,3,45,6,27,13,1
DIBRUGARH,KHOWANG,SEPON,SEPON CHAH BAGICHA 18/21 NLR G,27.2606205768896,94.8831307447582,1,24,23,28,3,0
DIBRUGARH,KHOWANG,SEPON,SEPON CHAH BAGICHA 207/25 & 44,27.2523336194213,94.8159511719254,0,5,4,6,1,0
DIBRUGARH,KHOWANG,SEPON,SEPON CHAH BAGICHA 224/122 & 116,27.262711078152,95.0042297109134,2,17,8,11,10,0
DIBRUGARH,KHOWANG,HALADHIBARI,SILPUTA NO. 1,27.176123730942,94.8091626178583,1,55,60,21,25,2
DIBRUGARH,KHOWANG,HALADHIBARI,SILPUTA NO. 2,27.260747686928,94.8407605258673,0,6,2,0,0,1
DIBRUGARH,KHOWANG,HALADHIBARI,SILSILI DEMOW KINAR,27.1951233971392,94.7972362563176,4,30,10,15,15,4
DIBRUGARH,KHOWANG,HALADHIBARI,SILSILI KALALUR KONCH,27.1480444626052,94.8165257214877,4,20,0,5,5,0
DIBRUGARH,KHOWANG,DHEMECHI,SINGRAJAN NO. 1,27.280891678272,95.0091752651132,0,16,14,4,2,0
DIBRUGARH,KHOWANG,DHEMECHI,SINGRAJAN NO. 2,27.2139529741157,94.8109666252394,0,8,22,7,0,0
DIBRUGARH,KHOWANG,GOZPURIA,SOLOGURI BONGALI,27.315675306402,94.8914070818644,0,2,12,0,2,0
DIBRUGARH,KHOWANG,DHEMECHI,SOLOGURI NO. 2,27.2684453559828,94.9962843441629,0,2,6,5,1,0
DIBRUGARH,KHOWANG,PATHALIBAM,SOLOGURI NO.1,27.2631169289988,94.9553891066992,0,21,55,7,3,2
DIBRUGARH,KHOWANG,GOZPURIA,TARAJAN,27.2768692690107,94.8192851870828,0,16,5,0,1,0
DIBRUGARH,KHOWANG,DHEMECHI,TELIAPATHER,27.1285161459115,94.7900003992839,0,17,32,10,3,0
DIBRUGARH,KHOWANG,DIKHARI TILOI,TELOIBARI NEPALI,27.1539518549961,94.8017364003231,6,35,32,61,13,1
DIBRUGARH,KHOWANG,LENGERI,TENGAKOCH (TENGAIKOCH),27.3290198208255,95.0158789574873,0,11,3,1,18,0
DIBRUGARH,KHOWANG,NAHARANI,TEPORCHALI BAMGAON,27.3118819434841,95.0217563532566,0,21,61,2,8,1
DIBRUGARH,KHOWANG,DIKHARI TILOI,TEPUJAN,27.2873854341438,94.9945422392262,2,4,4,0,1,0
DIBRUGARH,KHOWANG,SEPON,TETONBARI BORBAM,27.1952909470922,94.8114646909044,0,39,6,12,1,0
DIBRUGARH,KHOWANG,LENGERI,THENGAL,27.2923358128271,95.0205125116349,0,23,92,1,28,1
DIBRUGARH,KHOWANG,LENGERI,THENGAL GAON NO. 2,27.2358587732105,94.8245171782385,0,24,41,1,18,10
DIBRUGARH,KHOWANG,LENGERI,THENGAL NC 3,27.2341863638673,94.8847000978233,0,2,8,0,0,0
DIBRUGARH,KHOWANG,DIKHARI TILOI,TIKHARAI CHAH CO.DARKHASTA NO.,27.1071182119132,94.8423907034274,0,6,11,1,0,0
DIBRUGARH,KHOWANG,GOZPURIA,TIKHORI BONGALI,27.3372766338883,95.0330998185904,0,5,4,1,4,0
DIBRUGARH,KHOWANG,DIKHARI TILOI,TILIKI AMGURI,27.1211208699817,94.8513542642078,0,5,8,4,6,1
DIBRUGARH,KHOWANG,DIKHARI TILOI,TILOI BARI BENGALI,27.2278165593329,94.9683689591023,3,43,31,10,12,0
DIBRUGARH,KHOWANG,BAMUNBARI DOMORDOLONG,TILOIJAN DARKHASTA NO. 25 (PART A),27.2144848308676,94.9030645469681,1,18,9,4,5,1
DIBRUGARH,KHOWANG,BAMUNBARI DOMORDOLONG,TILOIJAN DARKHASTA NO. 26,27.3339765192144,94.9594836482891,0,5,15,6,1,0
DIBRUGARH,KHOWANG,BAMUNBARI DOMORDOLONG,TILOIJAN GAON,27.2970409384496,94.8943188296166,0,20,12,9,13,3
DIBRUGARH,KHOWANG,BAMUNBARI DOMORDOLONG,TILOIKINAR BONGALI,27.3163623408967,94.927204971606,0,18,10,3,5,2
